id,site_key,fetched_at,title,start_date,deadline_date,summary,processed_summary,amount,fund_name,source_url,page_url,category1,category2,category3,deleted
1,hachikomi,2025-10-08,,,,,,,,,https://hachikomi.genki365.net/G0000001/system/subsidy/1476.html,SDGs,,,0
2,hachikomi,2025-10-08,”カナエルチカラ”2026　10/31,2025-10-01,2025-10-31,「生きるたのしみ」が「働くよろこび」につながり、「働くよろこび」をもつことが「生きる楽しみ」を生みだす。そのような「生きるたのしみ」と「働くよろこび」が相互に豊かな関係をつくりだす事業を応援します。,「生きるたのしみ」と「働くよろこび」が相互に良い影響を与え合い、豊かな関係性を築く事業を支援対象とします。,,中央労働金庫,https://chuo.rokin.com/aboutus/csr/subsidy/application/,https://hachikomi.genki365.net/G0000001/system/subsidy/1475.html,福祉,SDGs,,0
3,hachikomi,2025-10-08,がん患者支援活動助成 ー 希望をともに育むプロジェクト ー　11/4,,2025-11-04,次の要件を満たす活動を対象とします。 （１） 日本国内の、がん患者・家族の支援を推し進めるための活動 （２） 新たな活動の立ち上げ、または既存の活動の拡充を図るもの ※日本対がん協会「がんアドボケート活動助成」の過去の採択団体については、「新たな活動の立ち上 げ」に限り、対象とします。 ※日本対がん協会との共同主催の活動は、対象外とします。,日本国内において、がん患者・家族の支援推進を目的とする、新たな活動の立ち上げまたは既存活動の拡充を図る活動を対象とします。ただし、日本対がん協会「がんアドボケート活動助成」の過去の採択団体は、新たな活動の立ち上げに限り対象とします。日本対がん協会との共同主催活動は対象外とします。,,日本対がん協会,https://www.gsclub.jp/grant-program,https://hachikomi.genki365.net/G0000001/system/subsidy/1473.html,医療,福祉,,0
4,hachikomi,2025-10-08,環境保全プロジェクト助成　10/19,,2025-10-19,次の３つの条件を満たすプロジェクトが対象となります。 ①国内において「自然保護」「生態系保全」「ごみ問題」「気候・エネルギー」など、広く環境に関する分野で、 実践的活動や普及啓発活動を行うもの※ ②原則として２０２５年度中に開始されるもの（すでに開始されているプロジェクトも対象） ③継続性、発展性を持つプロジェクトであり、その成果が公益のために貢献するもの,国内において、自然保護、生態系保全、ごみ問題、気候・エネルギーなど環境に関する分野で実践的活動や普及啓発活動を行い、原則として2025年度中に開始されるか既に開始されており、継続性および発展性を持ちその成果が公益に貢献するプロジェクトを対象とします。,,公益財団法人SOMPO環境財団,https://www.sompo-ef.org/project/project.html,https://hachikomi.genki365.net/G0000001/system/subsidy/1469.html,環境,SDGs,,0
5,hachikomi,2025-10-08,,,,,,,,,https://hachikomi.genki365.net/G0000001/system/subsidy/1464.html,その他,,,0
6,hachikomi,2025-10-08,,,,,,,,,https://hachikomi.genki365.net/G0000001/system/subsidy/1459.html,SDGs,地域活性,福祉,0
7,hachikomi,2025-10-08,2026年度コープみらい・くらしと地域づくり助成 10/31,2025-09-01,2025-10-31,公益を目的とした団体で、千葉県、埼玉県、東京都に活動拠点があり、すでに活動しているか活動を立ち上げようとしている団体であること。法人格の有無は問いません。 代表者・所在地等、組織や事業の運営の重要事項が定まっていて、会員数が5人以上の団体。 政治・宗教活動や営利を事業目的としていないこと。,公益を目的とし、政治・宗教活動や営利を事業目的としない団体で、千葉県、埼玉県、東京都に活動拠点を持ち、すでに活動しているか、活動を立ち上げようとしている団体を対象とします。法人格の有無は問わず、代表者・所在地等、組織や事業の運営に関する重要事項が定まっており、会員数が5人以上であることが要件です。,,一般財団法人コープみらい社会活動財団,https://www.coopmirai-zaidan.or.jp/josei/collect/,https://hachikomi.genki365.net/G0000001/system/subsidy/1455.html,地域活性,,,0
8,hachikomi,2025-10-08,,,,,,,,,https://hachikomi.genki365.net/G0000001/system/subsidy/1456.html,その他,,,0
9,hachikomi,2025-10-08,,,,,,,,,https://hachikomi.genki365.net/G0000001/system/subsidy/1453.html,SDGs,,,0
10,hachikomi,2025-10-08,,,,,,,,,https://hachikomi.genki365.net/G0000001/system/subsidy/1445.html,その他,,,0
11,hachikomi,2025-10-08,,,,,,,,,https://hachikomi.genki365.net/G0000001/system/subsidy/1441.html,その他,,,0
12,hachikomi,2025-10-08,アジア生協協力基金2026年度・助成金一般公募 10/31,2025-08-01,2025-10-31,アジア各地で展開される事業で、住民の協同の力で社会的経済分野での開発や問題解決を目指すプロジェクト,アジア各地で展開される、住民の協同により社会的経済分野での開発や問題解決を目指すプロジェクトを対象としています。,,公益財団法人 生協総合研究所　アジア生協協力基金,https://ccij.jp/jyosei/kikinkoubo250710_01.html,https://hachikomi.genki365.net/G0000001/system/subsidy/1437.html,国際協力,地域活性,SDGs,1
13,hachikomi,2025-10-08,,,,,,,,,https://hachikomi.genki365.net/G0000001/system/subsidy/1439.html,その他,,,0
14,hachikomi,2025-10-08,第26回社会貢献基金助成　1/31,2025-10-01,2026-01-31,助成の対象となる団体等 次の条件を満たす、非営利組織（財団法人、社団法人、社会福祉法人、ＮＰＯ法人、その他任意団体、市民ボランティアグループも対象となります。）で、今回募集する助成対象事業の趣旨に合致する事業を行おうとしている団体等。（個人資格による申請については、対象外となります。） 定款に準ずる規約を有し、自ら経理し、監査することができる会計機能を有すること。 団体等の主たる事務所（又は準ずる所）を日本国内に有すること。 団体等の意志を決定し、今回申請する活動を執行する体制が確立していること。 団体の活動実績（今回申請する活動又は類似した活動）を３年以上有し、今回申請する活動のニーズが高く今後も継続性が期待できること。 申請する事業に対し、他の民間団体等からの助成を除く、自己資金を保有すること。,本助成の対象は、本助成の趣旨に合致する事業を行う非営利組織（財団法人、社団法人、社会福祉法人、NPO法人、その他任意団体、市民ボランティアグループを含む）とします。個人資格による申請は対象外です。当該団体は、定款に準ずる規約、自ら経理し監査できる会計機能、日本国内に主たる事務所、および活動を執行する体制を有することを要します。さらに、本申請の活動または類似活動の実績が3年以上あり、ニーズが高く継続性が期待できること、および他の民間団体等からの助成を除く自己資金を保有していることを条件とします。,,一般社団法人全日本冠婚葬祭互助協会(全五協）,https://www.zengokyo.or.jp/social/fund/support/,https://hachikomi.genki365.net/G0000001/system/subsidy/1442.html,その他,,,0
15,hachikomi,2025-10-08,,,,,,,,,https://hachikomi.genki365.net/G0000001/system/subsidy/1434.html,その他,,,0
16,hachikomi,2025-10-08,2026年度 「環境市民活動助成」　10/31,2025-09-01,2025-10-31,地域の市民活動団体 ・非営利の活動 ・任意団体（NPO法人、一般社団法人、自治会、町内会含む）,地域の市民活動団体、非営利の活動を行う団体、およびNPO法人、一般社団法人、自治会、町内会を含む任意団体を対象とします。,,一般財団法人セブン-イレブン記念財団,https://www.7midori.org/josei/,https://hachikomi.genki365.net/G0000001/system/subsidy/1433.html,環境,地域活性,,0
17,hachikomi,2025-10-08,,,,,,,,,https://hachikomi.genki365.net/G0000001/system/subsidy/1428.html,その他,,,0
18,hachikomi,2025-10-08,２０２６年度ヤマト福祉財団助成金　11/30,2025-10-01,2025-11-30,"１．障がい者給料増額支援助成金 応募要件 ①　 厚生労働省が発表した2023（令和５）年度全国平均工賃額（月額）を勘案し就労継続支援A型事業所は74,000円以上、B型・その他は18,000円以上を支給していること ②　2024年４月から１年間の給料支給実績がない事業所・施設は対象になりません ③　2024年度以降（過去２年間）同一事業所において当助成金を受けていないこと ④　2026年４月以降に開始し、2026年12月末日までに購入を完了し、助成金を受給すること ⑤　助成対象事業について自己資金を負担すること（10％以上） ⑥　助成対象となる事業所・施設 ○就労継続支援A型事業所・就労継続支援B型事業所 生活介護事業所・地域活動支援センター ○最低賃金減額特例許可申請施設は応募対象外です ２．障がい者福祉助成金 応募要件 ① 2024年4月から1年間以上活動実績のある事業所・施設・団体（個人の活動は不可） ② 2024年度以降（過去2年間）同一事業所・団体等において当助成金を受けていないこと ③ 2026年4月以降に開始し、2027 年 2 月末日までに完了する事業、活動に限ります ④ 波及効果が望め、かつ次年度以降も継続性の見込める事業、活動を優先します","「障がい者給料増額支援助成金」は、就労継続支援A型事業所、就労継続支援B型事業所、生活介護事業所、地域活動支援センターを対象とします。ただし、最低賃金減額特例許可申請施設は対象外です。応募要件として、厚生労働省が発表した2023（令和5）年度全国平均工賃額（月額）を勘案し、就労継続支援A型事業所は74,000円以上、B型・その他は18,000円以上を支給していること、2024年4月からの1年間の給料支給実績があること、および2024年度以降（過去2年間）同一事業所で本助成金を受けていないことが求められます。対象事業は2026年4月以降に開始し、2026年12月末日までに購入を完了し助成金を受給するものであり、助成対象事業について自己資金の10%以上を負担する必要があります。

「障がい者福祉助成金」は、2024年4月から1年間以上活動実績のある事業所、施設、団体（個人の活動は除く）を対象とします。応募要件として、2024年度以降（過去2年間）同一事業所・団体等で本助成金を受けていないこと、および2026年4月以降に開始し2027年2月末日までに完了する事業、活動に限定されます。波及効果が望め、次年度以降も継続性の見込める事業、活動が優先されます。",,公益財団法人ヤマト福祉財団,https://www.yamato-fukushi.jp/works/subsidy.html,https://hachikomi.genki365.net/G0000001/system/subsidy/1424.html,福祉,SDGs,,0
19,hachikomi,2025-10-08,2025年度 地域みらい助成金  10/31,2025-09-01,2025-10-31,対象団体 下記の(1)~(3)すべての項目にあてはまる団体さまを対象に募集します。 (1) 当金庫の営業地域(本･支店がある自治体） に拠点を置き､地域社会の課題解決の活動を行っている団体さま。非営利､営利､共益の有無は問いません｡ （ 2 ) 責任の所在が明確であり､適切な団体運営が行われていることが確認できる団体さま。 （ 3 ) 対象団体の種別は､個人事業主･任意団体･NPO法人(認定･特例認定を含む)･一般社団法人および一般財団法人･公益社団法人および公益財団法人･社会福祉法人･株式会社とさせていただきます。 なお､申請コース毎に要件があります。 （ 4 ) 次の団体は除きます。 ①助成金の管理能力に欠けると認められる団体 ②法令順守に問題があると認められる団体 ③目的や活動内容が特定の政治･宗教に偏っている団体 対象事業 本助成事業の対象分野についての制限はありません｡様々な地域課題や社会課題を解決するための事業であり､地域社会の持続可能性を高めることにつながる事業が対象となります。,当金庫の営業地域（本・支店がある自治体）に拠点を置き、地域社会の課題解決活動を行う団体を対象とします。非営利・営利・共益の有無を問わず、個人事業主、任意団体、NPO法人（認定・特例認定を含む）、一般社団法人および一般財団法人、公益社団法人および公益財団法人、社会福祉法人、株式会社が対象であり、責任の所在が明確で適切な団体運営が行われていることを要件とします。本助成事業は、対象分野に制限を設けず、様々な地域課題や社会課題を解決し、地域社会の持続可能性を高める事業を支援します。ただし、助成金の管理能力に欠ける団体、法令遵守に問題がある団体、特定の政治・宗教に偏る目的や活動内容を持つ団体は対象外であり、申請コースごとに別途要件が設定されています。,,西武信用金庫,https://www.shinkin.co.jp/seibu/about/outline/region/chiikimiraizyoseikin.html,https://hachikomi.genki365.net/G0000001/system/subsidy/1416.html,地域活性,SDGs,,0
20,hachikomi,2025-10-08,多摩川の美しい未来づくり助成　10/15,2025-10-01,2025-10-15,多摩川およびその流域の環境保全・改善に関する実践的な活動や研究を助成対象とします。 （１）多摩川およびその流域で行う、以下のような活動や研究が助成対象です Ａ．民間非営利団体（NPO/NGO、任意団体等）が一定の科学的根拠（エビデンス）に基づいて行う活動や研究等 Ｂ．研究者・研究機関（団体）が社会に対して発信をする活動、地域の市民を巻き込んで行う研究等 Ｃ．民間非営利団体（NPO/NGO、任意団体等）と研究者・研究機関（団体）が協働して推進する活動や研究等 （２）以下のような活動や研究を積極的に応援します ・一定の科学的根拠（エビデンス）に基づいて取り組む環境の保全・改善に関する活動や研究 ・狭義の学問領域の枠を超え、直接的あるいは間接的に市民の環境意識向上や行動変容につなげることを目指した活動や研究,多摩川およびその流域の環境保全・改善に関する実践的な活動や研究を対象とします。民間非営利団体（NPO/NGO、任意団体等）が一定の科学的根拠（エビデンス）に基づいて行う活動や研究、研究者・研究機関（団体）が社会に対して発信する活動や地域の市民を巻き込んで行う研究、またはこれらが協働して推進する活動や研究が助成対象です。特に、狭義の学問領域を超え、市民の環境意識向上や行動変容に繋がることを目指した活動や研究を推奨します。,,東急財団,https://foundation.tokyu.co.jp/environment/kankyo-josei/,https://hachikomi.genki365.net/G0000001/system/subsidy/1104.html,環境,研究,教育,0
21,hachikomi,2025-10-08,がん患者団体助成　10/17,,2025-10-17,対象は２０２６年４月～１２月末までに実施される事業。 ※ 公的援助を基盤に行う事や営利目的の事業は対象外とします。 ※ 団体の管理費（事務所経費など）への助成は行いません。汎用事務機器のパソコン等も原則として対象外です。 ※ 会のメンバーが講師を務める内部講師への謝礼は、助成対象外です。 １件（１団体）当たりの助成額は５０万円以下とします。,2026年4月から12月末までに実施される事業を対象としますが、公的援助を基盤とする事業や営利目的の事業は対象外です。団体の管理費（事務所経費など）、汎用事務機器（パソコン等）、および会のメンバーが講師を務める内部講師への謝礼は原則として助成対象外です。助成額は1件（1団体）あたり50万円を上限とします。,,公益財団法人正力厚生会,https://shourikikouseikai.or.jp/works/kanja/,https://hachikomi.genki365.net/G0000001/system/subsidy/1411.html,医療,福祉,,0
22,hachikomi,2025-10-08,令和7年度　全都配分（Ａ配分）1/9,,2025-01-09,配分の対象（Ａ配分） 東京都の区域内に所在し、都民を対象に社会福祉事業を経営している各種社会福祉施設および団体。 ただし、東京都の区域外に所在する施設を経営する者であっても、主として都民を対象に運営されているものは配分対象となります。,東京都の区域内に所在し、都民を対象に社会福祉事業を経営する各種社会福祉施設および団体を対象とします。ただし、東京都の区域外に所在する施設を経営する者であっても、主として都民を対象に運営されているものは対象となります。,,社会福祉法人　東京都共同募金会,https://www.tokyo-akaihane.or.jp/a_josei.php#a_haibun,https://hachikomi.genki365.net/G0000001/system/subsidy/1325.html,福祉,,,0
23,hachikomi,2025-10-08,,,,,,,,,https://hachikomi.genki365.net/G0000001/system/subsidy/1380.html,その他,,,0
24,hachikomi,2025-10-08,令和7年度　シニア・福祉・アクセシビリティ関連製品等の販路開拓助成　11/28,,2025-11-28,介護を必要とする高齢者や障害者が利用する福祉用具をはじめ、健康で社会活動等に意欲があるアクティブシニア向けの製品・サービス、障害の有無に関わらず誰でも利用することを目指したユニバーサルデザイン製品・サービス、パラスポーツ製品等について、販路開拓のために出展する展示会に係る経費等の一部,高齢者や障害者向けの福祉用具、アクティブシニア向け製品・サービス、ユニバーサルデザイン製品・サービス、パラスポーツ製品等の販路開拓を目的とした展示会出展に係る経費の一部を助成します。,,公益財団法人東京都中小企業振興公社,https://www.tokyo-kosha.or.jp/support/josei/jigyo/senior-hanro/index.html,https://hachikomi.genki365.net/G0000001/system/subsidy/1330.html,福祉,スポーツ,,0
25,hachikomi,2025-10-08,,,,,,,,,https://hachikomi.genki365.net/G0000001/system/subsidy/1339.html,その他,,,0
26,hachikomi,2025-10-08,,,,,,,,,https://hachikomi.genki365.net/G0000001/system/subsidy/1070.html,SDGs,,,0
27,canpan,2025-10-08,2025年度特定課題「先端技術と共創する新たな人間社会」,2025-09-10,2025-11-28,その他 (1)プロジェクト代表者の主たる居住地が日本国内で、且つ日本語で日常的なコミュニケーションがとれること。応募書類の受け付けは日本語のみとなります。 (2)先端的なデジタル技術をとりまく社会的諸課題の解決に資するプロジェクトであること。 (3)助成期間中は財団と連絡を密に取り、財団が主/共催するシンポジウム等に参加すること。 【共同研究プロジェクト】 2名以上による共同研究プロジェクトで、代表者の年齢が助成開始時に 45 歳以下であること。所属・経歴等は不問。 【個人研究プロジェクト】 助成開始時の年齢が40歳以下であること。所属・経歴等は不問。 ※詳細はトヨタ財団ホームページより募集要項をご確認ください。,先端的なデジタル技術を取り巻く社会的諸課題の解決に資するプロジェクトを対象とします。プロジェクト代表者は、日本国内に主たる居住地を有し、日本語で日常的なコミュニケーションが可能な方とします。応募書類は日本語のみを受け付け、助成期間中は財団との密な連携および財団が主/共催するシンポジウム等への参加が求められます。共同研究プロジェクトは2名以上で、代表者の助成開始時年齢が45歳以下である方を、個人研究プロジェクトは助成開始時年齢が40歳以下の方を対象とし、いずれも所属・経歴は問いません。,"助成金総額：
45,000,000円 1件あたりの上限額：
10,000,000円",トヨタ財団,https://www.toyotafound.or.jp/grant/advanced/,https://fields.canpan.info/grant/detail/2336,テクノロジー,研究,SDGs,0
28,canpan,2025-10-08,第2回「東海演奏家の架け橋基金」公募助成,2025-09-10,2025-10-20,地域限定、設立からの年数 ●東海4 県（愛知・静岡・三重・岐阜）に活動の主となる事務所がある団体 ※事業の実施地域は必ずしも東海4 県内である必要はありません ●社団法人・財団法人（一般及び公益）、社会福祉法人、特定非営利活動法人など非営利活動・公益事業を行う団体 （法人格のない任意団体も含みます） ●活動実績2年以上の団体,"本助成金は、東海4県（愛知・静岡・三重・岐阜）に活動の主たる事務所を置き、活動実績が2年以上である非営利活動・公益事業を行う団体を対象とします。
対象となる団体には、社団法人、財団法人（一般及び公益）、社会福祉法人、特定非営利活動法人等の法人格を有する団体に加え、法人格のない任意団体も含まれます。
なお、事業実施地域は東海4県内に限定されません。","助成金総額：
15,000,000円 1件あたりの上限額：
3,000,000円",日本フィランソロピック財団,https://np-foundation.or.jp/information/000302.html,https://fields.canpan.info/grant/detail/2335,芸術文化,,,0
29,canpan,2025-10-08,第2回「東海子どもワクワク基金」公募助成,2025-09-09,2025-10-29,法人格の有無、地域限定、設立からの年数、その他 •社団法人・財団法人（一般および公益）、特定非営利活動法人、社会福祉法人など非営利活動・公益事業を行う団体 ※ 営利を目的とした組織（株式会社等）は含みません。 ※ 任意団体、個人活動は含みません。 •日本国内に活動の主となる事務所がある団体 •活動実績２年以上の団体,非営利活動・公益事業を行う法人格を有する団体を対象とします。営利を目的とした組織、任意団体、および個人活動は対象外とします。日本国内に主たる事務所を置き、活動実績が2年以上である団体を対象とします。,"助成金総額：
15,000,000円 1件あたりの上限額：
3,000,000円",日本フィランソロピック財団,https://np-foundation.or.jp/information/000306.html,https://fields.canpan.info/grant/detail/2334,子ども,教育,福祉,0
30,canpan,2025-10-08,がん患者支援活動助成　－希望をともに育むプロジェクト－,,,その他 1）日本国内で活動する民間の非営利団体（NPO法人、任意団体等）。法人格は問いません。 2）2年以上の活動実績がある団体 3）前年度の団体の活動報告と会計報告を提出することができる団体 4）申請する助成活動に複数名で取り組むことができる団体 5）「助成団体に求められる義務」に同意いただける団体 ※民間の担い手が成果を出し、社会活動が広がることを目指すという本助成事業の趣旨を踏まえ、一定の活動実績があった上で、その成長・発展を目指す段階にある団体を対象として想定しています。詳細は募集要項にてご確認ください。,日本国内で活動する民間の非営利団体を本助成事業の対象とします。法人格は問わず、2年以上の活動実績を有し、前年度の活動報告および会計報告を提出できること、申請する助成活動に複数名で取り組めること、ならびに「助成団体に求められる義務」に同意することが応募条件となります。本助成事業は、一定の活動実績があった上で、その成長・発展を目指す段階にある団体の支援を目的とします。,"助成金総額：
2,500,000円 1件あたりの上限額：
500,000円",日本対がん協会,https://www.gsclub.jp/grant-programp://,https://fields.canpan.info/grant/detail/2333,医療,福祉,,0
31,canpan,2025-10-08,「阪急阪神 未来のゆめ･まち基金」第17回助成プログラム,2025-09-01,2025-10-15,地域限定、設立からの年数 【地域限定】 阪急阪神沿線の市町（※）を活動フィールドとすること。 （※）当社グループの主な鉄道の駅または主なバスの営業所がある、以下の２２市町（京都市、向日市、長岡京市、大山崎町、大阪市、豊中市、池田市、吹田市、高槻市、茨木市、箕面市、摂津市、島本町、豊能町、神戸市、尼崎市、西宮市、芦屋市、伊丹市、宝塚市、川西市、猪名川町） （※）沿線以外でも活動している団体の場合、沿線での活動の割合が半分以上を占めることが望ましい。 【設立からの年数】 募集分野（「地域環境づくり」または「次世代の育成」）のうち、いずれか一つ以上の分野における活動実績があり、2026年4月1日現在で団体設立から３年以上経過していること（任意団体が法人格を取得した場合、前身となる任意団体の設立から起算可能）。,本助成金は、阪急阪神沿線の22市町を主な活動フィールドとし、沿線での活動が全体の半分以上を占めることが望ましい団体、および「地域環境づくり」または「次世代の育成」のいずれか一つ以上の分野で活動実績があり、2026年4月1日現在で団体設立から3年以上経過している団体を対象としています。なお、任意団体が法人格を取得した場合、前身となる任意団体の設立から起算可能です。,"助成金総額：
9,000,000円 1件あたりの上限額：
1,000,000円",阪急阪神 未来のゆめ・まちプロジェクト事務局,https://osakavol.org/news/subsidy/yumemachi2025.html,https://fields.canpan.info/grant/detail/2332,地域活性,環境,子ども,0
32,canpan,2025-10-08,第3回「ダウン症住居と就労環境整備基金」（旧称：ダウン症住まい支援基金）,2025-09-01,2025-10-24,法人格の有無、地域限定 【助成対象施設】 ・知的障害者向けグループホーム ・生活介護事業所 ・就労継続支援A型作業所 ・就労継続支援B型作業所 【助成対象団体】 以下２点の条件を満たす団体 •近畿2府4県で対象となる施設を運営している法人 •社団法人・財団法人（一般及び公益）、社会福祉法人、特定非営利活動法人などの非営利法人,近畿2府4県において、知的障害者向けグループホーム、生活介護事業所、就労継続支援A型作業所、就労継続支援B型作業所などの施設を運営する非営利法人を対象とします。対象となる非営利法人には、一般社団法人・公益社団法人、一般財団法人・公益財団法人、社会福祉法人、特定非営利活動法人などが含まれます。,"助成金総額：
15,000,000円 1件あたりの上限額：
3,000,000円",日本フィランソロピック財団,https://np-foundation.or.jp/information/000304.html,https://fields.canpan.info/grant/detail/2328,福祉,,,0
33,canpan,2025-10-08,2025年度 第2期 東京ライブ・ステージ応援助成,2025-09-03,2025-09-25,地域限定、その他 申請者の資格の要件に「東京都内に所在し、3年以上の活動実績がある舞台芸術活動を行う団体」等が含まれています。その他の要件は、関連URLよりご確認ください。,この助成金は、申請者の資格要件として、東京都内に所在し3年以上の活動実績がある舞台芸術活動を行う団体を主な対象としています。詳細な要件については、関連URLよりご確認ください。,"助成金総額： 1件あたりの上限額：
1,000,000円",アーツカウンシル東京,https://www.artscouncil-tokyo.jp/grants/tokyo-live-and-stage-support-grant-program/21925/,https://fields.canpan.info/grant/detail/2331,芸術文化,,,0
34,canpan,2025-10-08,Y's×SDGs Youth Action,2025-11-15,2026-02-10,その他 ・3名以上のユース世代（高校生~35歳）の任意チーム ・各地のワイズメンズクラブやYMCAスタッフと共に活動が可能なこと。また活動の進捗報告や連絡ができること。,3名以上のユース世代（高校生〜35歳）で構成される任意チームを対象とし、各地のワイズメンズクラブやYMCAスタッフとの協働が可能であり、活動の進捗報告や連絡を適切に行えることを条件とします。,"助成金総額：
2,000,000円 1件あたりの上限額：
200,000円",日本YMCA同盟,https://sites.google.com/japanymca.org/youth-action2022,https://fields.canpan.info/grant/detail/2330,SDGs,地域活性,教育,0
35,canpan,2025-10-08,For Children基金,2025-09-01,2025-11-07,法人格の有無、設立からの年数、その他 ① ⽇本国内に所在する法⼈であること ② 法⼈設立から１年以上の活動実績のある⾮営利法⼈であること ③ 団体の活動をホームページ、SNS等で公表していること,日本国内に所在し、法人設立から1年以上の活動実績がある非営利法人を対象としています。団体の活動をホームページやSNS等で公表していることを条件としています。,"助成金総額：
5,000,000円 1件あたりの上限額：
1,000,000円",公益推進協会,https://kosuikyo.com/%e5%8a%a9%e6%88%90%e9%87%91-2,https://fields.canpan.info/grant/detail/1836,子ども,,,1
36,canpan,2025-10-08,第2回「大分発！ソーシャル・スタートアップ基金」公募助成,2025-09-01,2025-10-27,法人格の有無、地域限定、設立からの年数 ・2025 年 9 月１日現在で、設立登記から１年以上～5 年未満の創業 期にあるソーシャルビジネスで、法人格を有する団体 ・大分県内に本店・主たる事務所の登記および実在地がある団体 ・定款に応募する事業と関連する目的もしくは事業内容が明示されて いる団体,本助成金は、大分県内に本店または主たる事務所の登記および実在地を有し、定款に応募する事業と関連する目的または事業内容が明示されている法人格を有する団体を対象とします。応募団体は、2025年9月1日現在で設立登記から1年以上5年未満の創業期にあるソーシャルビジネスに取り組んでいる必要があります。,"助成金総額：
10,000,000円 1件あたりの上限額：
3,000,000円",日本フィランソロピック財団,https://np-foundation.or.jp/information/000305.html,https://fields.canpan.info/grant/detail/2329,地域活性,SDGs,,0
37,canpan,2025-10-08,塩沼亮潤大阿闍梨基金～ともに寄り添うプラットフォーム～第3回経常助成,2025-08-29,2025-10-03,設立からの年数、その他 ・NPO法人、非営利型一般社団法人、社会福祉法人、公益法人などの非営利組織であること。または、任意団体であっても定款（組織規約、運営規定）、事業報告書、決算報告書を作成していて、提出できること。 ・国、地方自治体、宗教法人、個人、営利を目的とした株式会社・有限会社・合同会社ではないこと。 ・1年以上の通常事業実績があること（事業活動開始が2024年（令和6年）年8月以前であること） ・直近年度の経常収入が申請助成金額より大きいこと。 ・ネットワークビジネス、マルチ商法、宗教、保険、同業者による勧誘などを目的としていないこと。 ・特定の政治団体・宗教団体に該当しないこと。 ※活動の目的や趣旨が政治・宗教・思想・営利などの目的に偏る団体も対象外となります。 ※詳細は、応募要項をご覧ください。,NPO法人、非営利型一般社団法人、社会福祉法人、公益法人等の非営利組織、または定款（組織規約、運営規定）、事業報告書、決算報告書を作成し提出可能な任意団体を対象とします。事業活動開始が2024年（令和6年）8月以前であり1年以上の通常事業実績を有し、直近年度の経常収入が申請助成金額を上回る団体が対象となります。国、地方自治体、宗教法人、個人、営利を目的とする法人、ネットワークビジネス、マルチ商法、宗教、保険、同業者による勧誘などを目的とする団体、特定の政治・宗教団体、および活動の目的や趣旨が政治、宗教、思想、営利などに偏る団体は対象外です。,"助成金総額：
3,000,000円 1件あたりの上限額：
500,000円",パブリックリソース財団,https://www.public.or.jp/project/f0168,https://fields.canpan.info/grant/detail/2327,福祉,,,0
38,canpan,2025-10-08,2026年度　エフピコ環境基金　能登半島特別枠,2025-10-01,2025-12-15,法人格の有無、地域限定 日本国内に拠点をもつ、活動実績が1年以上の団体。,法人格の有無を問わず、日本国内に拠点を有し、活動実績が1年以上である団体を対象としています。,"助成金総額： 1件あたりの上限額：
1,000,000円",エフピコ,https://www.fpco.jp/esg/environmenteffort/environmentalfund/environmentalfund_noto_recruitment.html,https://fields.canpan.info/grant/detail/2326,環境,災害支援,地域活性,0
39,canpan,2025-10-08,2026年度　エフピコ環境基金,2025-10-01,2025-12-15,地域限定、設立からの年数 日本国内に拠点をもつ、活動実績が1年以上の団体。,地域限定の要件、設立からの年数に関する要件、日本国内に拠点を有し、1年以上の活動実績を有する団体を対象とします。,"助成金総額： 1件あたりの上限額：
2,000,000円",エフピコ,https://www.fpco.jp/esg/environmenteffort/environmentalfund.html,https://fields.canpan.info/grant/detail/2325,環境,,,0
40,canpan,2025-10-08,「暮らしの向上」に通じる情報技術等の研究に関する研究開発,2025-09-01,2025-11-30,法人格の有無、その他 １．日本の大学・ 高等専門学校・ 研究所等に勤務し、主体的に研究を進めている常勤の研究者及び大学院後期課程在籍者、並びに博士研究員を含みます。（所属機関長の承認が必要です） ２．本財団に結果の報告書（研究成果・収支報告）を提出可能な方。,日本の大学・高等専門学校・研究所等に勤務し、主体的に研究を進める常勤の研究者、大学院後期課程在籍者、及び博士研究員を対象とします。対象者は所属機関長の承認を得るとともに、本財団へ研究成果および収支報告書を提出できることを条件とします。,"助成金総額：
10,000,000円 1件あたりの上限額：
2,000,000円",カインズデジタルイノベーション財団,https://cainz-dif.or.jp/grant/2025/,https://fields.canpan.info/grant/detail/1727,研究,テクノロジー,教育,0
41,canpan,2025-10-08,2025年度 第2回 スタートアップ助成,2025-08-25,2025-09-25,地域限定、その他 申請者の資格の要件に、個人の場合「申請する分野において、都内で自ら公開活動を初めて主催してから3年未満であること」「都内で自ら主催した公開活動の実績が5回以内であること」等、団体の場合「過去3年間に、申請団体として、申請する分野での公開活動の実績が１回以上あること」「団体設立から3年未満であること」等が含まれています。その他の要件は、関連URLよりご確認ください。,本助成金は、申請分野において都内で公開活動を主催する個人および団体を対象とします。個人の場合、都内で初めて公開活動を主催してから3年未満であり、かつ都内で主催した公開活動の実績が5回以内であることが条件です。また、団体の場合、過去3年間に申請団体として申請分野での公開活動実績が1回以上あり、団体設立から3年未満であることが条件です。その他詳細な要件は、関連URLにてご確認ください。,"助成金総額： 1件あたりの上限額：
1,000,000円",アーツカウンシル東京,https://www.artscouncil-tokyo.jp/grants/startup-grant-program/20963/,https://fields.canpan.info/grant/detail/2324,その他,,,0
42,canpan,2025-10-08,お金をまわそう基金助成事業（第10期2回目）,2025-08-25,2025-09-30,法人格の有無、設立からの年数、その他 【法人格の有無】 法人格を持つ非営利団体が対象となります。 【設立からの年数】 原則、１年以上の活動実績があり、監査報告書を含む決算書類と事業完了報告書（直近のもの）が提出できる（最初の決算を迎えている）団体が対象です。 【その他】 詳細は募集要項をご確認ください。 https://okane-kikin.org/woknp/wp-content/uploads/2024/12/8435bcfd4aa12c86964fdaff32db6e15.pdf,本助成金は、法人格を持つ非営利団体を対象としています。原則として、1年以上の活動実績があり、最初の決算を迎えており、監査報告書を含む直近の決算書類と事業完了報告書が提出できる団体が対象となります。詳細は募集要項をご確認ください。,"助成金総額： 1件あたりの上限額：
なし",お金をまわそう基金,http://okane-kikin.org/,https://fields.canpan.info/grant/detail/2322,その他,,,0
43,canpan,2025-10-08,2025年度 第2期 芸術文化魅力創出助成,2025-08-19,2025-09-24,地域限定、その他 申請者の資格の要件に「申請者（団体）の本部事務所や本店所在地が東京都内に存在すること」「事業の実施場所は東京都内（オンライン公開を含む）であること」が含まれています。その他の要件は、関連URLよりご確認ください。,本助成金は、本部事務所や本店所在地が東京都内にあり、かつ事業実施場所が東京都内（オンライン公開を含む）である申請者（団体）を対象とします。,"助成金総額： 1件あたりの上限額：
20,000,000円",アーツカウンシル東京,https://www.artscouncil-tokyo.jp/grants/grant-for-artistic-city/21255/,https://fields.canpan.info/grant/detail/2323,芸術文化,,,0
44,canpan,2025-10-08,シンボリキミエ基金　～動物愛護活動助成～,2025-08-18,2025-10-31,その他 以下の要件を全て満たしている団体 ①　動物保護・福祉活動について過去1年以上の実績がある団体 ②　営利を⽬的としない事業を⾏う団体（法⼈格は不問） ※助成金の受給には団体名義の口座が必要 ※株式会社・有限会社、趣旨や活動が政治・宗教・思想・営利などの⽬的に偏る団体は該当しません。 ③　団体の活動をホームページやSNSで公表していること,動物保護・福祉活動について1年以上の実績があり、営利を目的としない事業を行い、活動をホームページやSNSで公表している団体を対象とします。法人格の有無は問いませんが、助成金の受給には団体名義の口座が必要です。株式会社、有限会社、および趣旨や活動が政治、宗教、思想、営利などの目的に偏る団体は対象外です。,"助成金総額：
2,000,000円 1件あたりの上限額：
200,000円",公益推進協会,https://kosuikyo.com/%e5%8a%a9%e6%88%90%e9%87%91-2,https://fields.canpan.info/grant/detail/2321,福祉,環境,,0
45,canpan,2025-10-08,第1回「日本ソーシャル・スタートアップAWARD」,2025-08-12,2025-09-30,法人格の有無、設立からの年数 日本国内に活動の主となる事務所があり、法実設立10年未満の法人,日本国内に活動の主となる事務所を有し、設立10年未満の法人を対象とします。,"助成金総額：
16,000,000円 1件あたりの上限額：
4,000,000円",日本フィランソロピック財団,https://np-foundation.or.jp/information/000300.html,https://fields.canpan.info/grant/detail/2319,SDGs,福祉,地域活性,0
46,canpan,2025-10-08,草の根市民基金・ぐらん,2025-09-29,,地域限定 主な活動の場が「東京都内」もしくは「アジア」を主な活動地域とする非営利の市民団体,主な活動地域が東京都内またはアジアである非営利の市民団体を対象とします。,"助成金総額：
3,500,000円 1件あたりの上限額：
500,000円",草の根市民基金・ぐらん運営委員会,https://citizensfund-grand.org/,https://fields.canpan.info/grant/detail/2318,地域活性,国際協力,SDGs,0
47,canpan,2025-10-08,第1回「ビヨンド賞～精神障害ともにある～」,2025-08-06,2025-09-24,設立からの年数 日本国内に活動の主となる事務所があり、活動実績5年以上の団体・法人,日本国内に活動の主となる事務所を有し、活動実績が5年以上の団体・法人を対象とします。,"助成金総額：
10,000,000円 1件あたりの上限額：
1,000,000円",日本フィランソロピック財団,https://np-foundation.or.jp/information/000299.html,https://fields.canpan.info/grant/detail/2316,福祉,医療,SDGs,0
48,canpan,2025-10-08,第27回2025(令和7)年度社会貢献基金,2025-10-01,2026-01-31,設立からの年数、その他 助成の対象となる団体等 次の条件を満たす、非営利組織（財団法人、社団法人、社会福祉法人、ＮＰＯ法人、その他任意団体、市民ボランティアグループも対象となります。）で、今回募集する助成対象事業の趣旨に合致する事業を行おうとしている団体等。（個人資格による申請については、対象外となります。） (1)定款に準ずる規約を有し、自ら経理し、監査することができる会計機能を有すること。 (2)団体等の主たる事務所（又は準ずる所）を日本国内に有すること。 (3)団体等の意志を決定し、今回申請する活動を執行する体制が確立していること。 (4)団体の活動実績（今回申請する活動又は類似した活動）を３年以上有し、今回申請する活動のニーズが高く今後も継続性が期待できること。 (5)申請する事業に対し、他の民間団体等からの助成を除く、自己資金を保有すること,本助成金は、財団法人、社団法人、社会福祉法人、NPO法人、その他任意団体、市民ボランティアグループを含む非営利組織を対象とします。個人資格での申請は対象外です。助成対象となる団体は、定款に準ずる規約および会計機能を有し、日本国内に主たる事務所を置き、団体として意思決定し活動を執行する体制が確立している必要があります。また、申請する活動または類似する活動について3年以上の実績があり、高いニーズと継続性が見込まれるとともに、他の民間団体からの助成を除く自己資金を保有し、かつ今回募集する助成対象事業の趣旨に合致する事業を行う団体を対象とします。,"助成金総額：
10,000,000円 1件あたりの上限額：
2,000,000円",全日本冠婚葬祭互助協会,http://www.zengokyo.or.jp/social/fund/,https://fields.canpan.info/grant/detail/2315,その他,,,0
49,canpan,2025-10-08,全互協奨学金基金（2026年度募集）,2025-08-15,2025-10-15,その他 2026年4月2日現在、24歳以下であり、保護者（父親又は母親など）が死亡、かつ経済的な支援を必要とし、2026年4月に大学（4年制）・短期大学・専門学校（※）への入学を希望する者とします。 具体的には、2026年3月に高等学校卒業見込みの高校生及び既に高等学校を卒業している者、高等学校卒業程度認定試験を合格している者（見込みを含む）とします。 ※高等専門学校・通信教育課程・放送大学及び専門学校の高等課程・一般課程・付帯教育・各種学校・省庁大学校・大学院等は対象外。4年制を最長とします。,2026年4月2日現在24歳以下で、保護者が死亡し、経済的な支援を必要とする者のうち、2026年4月に大学（4年制）・短期大学・専門学校への入学を希望する者を本助成金の対象とします。対象者には、2026年3月に高等学校卒業見込みの者、既に高等学校を卒業した者、および高等学校卒業程度認定試験合格者（見込みを含む）が含まれます。ただし、高等専門学校、通信教育課程、放送大学、専門学校の高等課程・一般課程・付帯教育、各種学校、省庁大学校、大学院等は対象外とし、助成期間は最長で4年制課程までとします。,"助成金総額：
3,000,000円 1件あたりの上限額：
600,000円",全日本冠婚葬祭互助協会,http://www.zengokyo.or.jp/social/scholarship/,https://fields.canpan.info/grant/detail/2314,教育,福祉,子ども,0
50,canpan,2025-10-08,2026年度　県域安全事業助成,2025-08-01,2025-10-31,法人格の有無、設立からの年数、その他 ●応募の制限 1つの団体が広域安全事業と県域安全事業の両方に応募することはできません。 ●助成対象外事業 ・事業の全部又は大部分を他の団体等に請け負わせて実施する事業 ・他の団体等から委託、補助、助成等の資金を受ける事業（他の団体等からの資金と当財団の助成金の充当範囲が明確に区分できる事業を除きます。） ・交通安全対策に関する事業 ・学会等のシンポジウム事業 ・営利を目的とした事業,同一の団体が広域安全事業と県域安全事業の両方に応募することはできません。事業の全部または大部分を他の団体等に請け負わせて実施する事業、交通安全対策に関する事業、学会等のシンポジウム事業、営利を目的とした事業は助成対象外とします。他の団体等から委託、補助、助成等の資金を受ける事業も対象外ですが、当該資金と本助成金の充当範囲が明確に区分できる事業は助成対象となります。,"助成金総額： 1件あたりの上限額：
800,000円",日工組社会安全研究財団,https://www.syaanken.or.jp/?p=14196,https://fields.canpan.info/grant/detail/2141,地域活性,福祉,災害支援,1
51,canpan,2025-10-08,2026年度　広域安全事業助成,2025-08-01,2025-10-31,法人格の有無、設立からの年数、その他 ●応募の制限 1つの団体が広域安全事業と県域安全事業の両方に応募することはできません。 ●助成対象外事業 ・事業の全部又は大部分を他の団体等に請け負わせて実施する事業 ・全国規模の団体が当財団の助成金を傘下団体への助成資金に充当する事業 ・他の団体等から委託、補助、助成等の資金を受ける事業（他の団体等からの資金と当財団の助成金の充当範囲が明確に区分できる事業を除きます。） ・交通安全対策に関する事業 ・学会等のシンポジウム事業 ・営利を目的とした事業,この助成金は、一つの団体が広域安全事業と県域安全事業の双方に応募することを制限しています。助成対象外となるのは、事業の全部または大部分を他の団体等に請け負わせて実施する事業、全国規模の団体が当財団の助成金を傘下団体への助成資金に充当する事業です。さらに、他の団体等から委託、補助、助成等の資金を受ける事業（ただし、他の団体等からの資金と当財団の助成金の充当範囲が明確に区分できる事業を除きます）、交通安全対策に関する事業、学会等のシンポジウム事業、営利を目的とした事業も対象外とします。,"助成金総額： 1件あたりの上限額：
2,000,000円",日工組社会安全研究財団,https://www.syaanken.or.jp/?p=14196,https://fields.canpan.info/grant/detail/2140,地域活性,災害支援,,0
52,canpan,2025-10-08,E&Hサポート基金 ～桜川市農業支援助成～,,,地域限定、その他 １．宿泊費 将来桜川市で就農する予定（希望）がある者の短期研修期間※１の宿泊代を負担する受け入れ農家※２ ※１ 申請日から１年以内に参加初日を迎える短期研修（２日～１年間）又は申請日以降に参加最終日を迎える短期研修（申請日時点で既に研修中のものに限る）で、実習を含むもの（座学・見学のみ、レジャー的な農業体験は不可） ※２ 認定農業者制度で認定された茨城県内の認定農業者 ２．環境整備費 茨城県桜川市における新規就農を志向する者（研修者）※１の受け入れ農家※２ ※１ 申請日から１年以内に参加初日を迎える研修（期間は問わない）又は申請日以降に参加最終日を迎える研修（申請日時点で既に研修中のものに限る）で、実習を含むもの（座学・見学のみ、レジャー的な農業体験は不可） ※２ 認定農業者制度で認定された茨城県桜川市内の認定農業者,本助成金は、桜川市での新規就農を希望する者を受け入れる茨城県内の認定農業者に対し、短期研修（2日以上1年以内）の宿泊費を支援します。また、茨城県桜川市における新規就農を志向する研修者を受け入れる桜川市内の認定農業者に対しては、期間を問わない研修に関する環境整備費を支援します。いずれの支援においても、対象となる研修は申請日から1年以内に初日を迎える、または申請日時点で実施中で申請日以降に最終日を迎える実習を含む活動に限られ、座学や見学のみ、レジャー的な農業体験は対象外です。,"助成金総額：
5,000,000円 1件あたりの上限額：
800,000円",公益推進協会,http://kosuikyo.com/,https://fields.canpan.info/grant/detail/2312,地域活性,教育,,0
53,canpan,2025-10-08,生活と学習基金（神奈川県藤沢市限定）,2025-08-01,2025-10-24,地域限定、その他 神奈川県藤沢市において実施される活動限定 ① 日本国内において活動する非営利団体（法人格は不問） ② 団体の活動をホームページ、SNSや会報誌等で公表していること,日本国内において活動する非営利団体（法人格は不問）による、神奈川県藤沢市で実施される活動を対象とします。対象となる団体は、その活動をホームページ、SNSまたは会報誌等で公表していることを要します。,"助成金総額： 1件あたりの上限額：
200,000円",公益推進協会,https://kosuikyo.com/%e5%8a%a9%e6%88%90%e9%87%91-2,https://fields.canpan.info/grant/detail/2154,地域活性,教育,福祉,1
54,canpan,2025-10-08,2026年度　アジア生協協力基金,2025-08-01,2025-10-31,地域限定、設立からの年数、その他 ①原則として、日本国内に拠点（事務局など）を有するNPO、NGO、一般社団法人、一般財団法人、市民グループなどの非営利の組織。加えて、政治・宗教を目的としない組織であること、反社会的な活動を行わない組織であること。 ②原則として、1事業年度の収入（経常収益など）が1億円未満の組織。前年度の収入を基本的な基準としますが、前年度のみ収入が特別に大きい場合等は過去3年間の収入で判断する場合があります。 ③活動開始から2事業年度を超えた活動実績を有する組織。 ④申請事業を実施するうえで、現地に対等な協力組織（カウンターパート）をもつ組織。 （※申請組織の海外支部や現地事務所などの“組織内組織”や申請組織の役員や職員が現地で役員を務める組織は、カウンターパートとして認められません。） ⑤継続申請の場合を除き、過去2事業年度以内（2024年度、2025年度）に本基金からの助成を受けていない組織。,本助成金は、原則として日本国内に拠点を持つNPO、NGO、一般社団法人、一般財団法人、市民グループなどの非営利組織を対象とします。これらの組織は、政治・宗教を目的とせず反社会的な活動を行わないこと、原則として1事業年度の収入が1億円未満であること、そして活動開始から2事業年度を超える実績を有することが条件となります。さらに、申請事業を実施する現地に協力組織（カウンターパート）を持つことが求められますが、申請組織の海外支部や現地事務所、申請組織の役員や職員が現地で役員を務める組織はカウンターパートとして認められず、継続申請を除き過去2事業年度以内（2024年度、2025年度）に本基金からの助成を受けていない組織が対象となります。,"助成金総額：
7,000,000円 1件あたりの上限額：
1,000,000円",生協総合研究所,https://ccij.jp/jyosei/kikinkoubo250710_01.html,https://fields.canpan.info/grant/detail/2149,国際協力,,,0
55,canpan,2025-10-08,2025年度　障害者支援団体への助成のご案内,2025-08-01,2025-09-25,地域限定、設立からの年数 ・障がい者支援を行う社会福祉法人、公益法人、ＮＰＯ法人等の非営利の民間団体で3年以上の継続した活動実績がある団体。 ・活動を実施する施設が一都十県（茨城、栃木、群馬、埼玉、千葉、東京、神奈川、新潟、山梨、長野、静岡）にある団体。,障がい者支援を行う社会福祉法人、公益法人、NPO法人等の非営利の民間団体を対象とします。これらの団体は、3年以上の継続した活動実績を有し、かつ活動を実施する施設が茨城、栃木、群馬、埼玉、千葉、東京、神奈川、新潟、山梨、長野、静岡の一都十県に所在していることを要します。,"助成金総額：
6,000,000円 1件あたりの上限額：
300,000円",タチバナ財団,https://www.t-group.co.jp/zaidan/,https://fields.canpan.info/grant/detail/2310,福祉,,,0
56,canpan,2025-10-08,第2回「社会的養護下の子ども応援基金」,2025-07-22,2025-09-10,設立からの年数 【助成対象団体】 ・ 社団法人・財団法人（一般及び公益）、特定非営利活動法人、社会福祉法人など非営利活動・公益事業を行う団体（法人格のない任意団体も含みます） ・ 日本国内に活動の主となる事務所がある団体 ・ 活動実績2年以上の団体,日本国内に活動の主たる事務所を有し、2年以上の活動実績がある、非営利活動・公益事業を行う団体（一般社団法人、公益社団法人、一般財団法人、公益財団法人、特定非営利活動法人、社会福祉法人、および法人格のない任意団体を含む）を対象とします。,"助成金総額：
10,000,000円 1件あたりの上限額：
4,000,000円",日本フィランソロピック財団,https://np-foundation.or.jp/information/000289.html,https://fields.canpan.info/grant/detail/2306,子ども,福祉,教育,0
57,canpan,2025-10-08,大規模災害発生時における防犯活動緊急支援助成,,,その他 助成対象団体 大規模災害発生時の防犯活動を実施することが可能な団体で、事業担当者・会計責任者等を置いていることを要件とし、次の団体を対象とします。 （１） 公益社団法人及び公益財団法人 （２） 一般社団法人及び一般財団法人 （３） 特定非営利活動法人 （４） 法人格を持たないが、助成対象事業を実施するための体制を持つと、当財団が認める団体 例： 町内会、PTA等、今回の活動のために新たに編成された団体,大規模災害発生時の防犯活動を実施可能で、事業担当者や会計責任者等を置いている団体を助成対象とします。具体的には、公益社団法人、公益財団法人、一般社団法人、一般財団法人、特定非営利活動法人、および法人格を持たずとも助成対象事業を実施するための体制があると当財団が認める団体を対象とします。,"助成金総額： 1件あたりの上限額：
1,000,000円",日工組社会安全研究財団,https://www.syaanken.or.jp/?p=10623,https://fields.canpan.info/grant/detail/2301,災害支援,地域活性,,0
58,canpan,2025-10-08,ソーシャル・ジャスティス基金（SJF）助成公募第14回,2025-09-01,2025-09-18,その他 【応募資格】 ※抜粋 公募テーマに即し、以下の大項目を満たす団体・法人(法人格を問わない)・個人の事業が対象です。 1）「不公正の是正」・「市民社会の形成」を目的とした事業であること 2）SJFアドボカシーカフェを共催し、多様な市民との対話ができること 3）SJF助成発表フォーラムへの参加 4）中間期、助成活動終了後の報告,公募テーマに即し、「不公正の是正」または「市民社会の形成」を目的とする団体・法人（法人格不問）および個人の事業を対象としています。当該事業には、SJFアドボカシーカフェの共催による多様な市民との対話、SJF助成発表フォーラムへの参加、ならびに中間期および助成活動終了後の報告が求められます。,"助成金総額：
4,000,000円 1件あたりの上限額：
1,000,000円",まちぽっと,https://socialjustice.jp/p/2025fund/,https://fields.canpan.info/grant/detail/2288,SDGs,福祉,地域活性,0
59,canpan,2025-10-08,がん患者団体助成(2025 年度募集・2026 年度助成）,2025-05-08,2025-10-17,なし,指定された原文が提供されていないため、書き換えの処理を実行できません。,"助成金総額： 1件あたりの上限額：
500,000円",正力厚生会,https://shourikikouseikai.or.jp/,https://fields.canpan.info/grant/detail/2101,医療,福祉,,0
60,canpan,2025-10-08,パタゴニア環境助成金プログラム,,,その他 日本支社を含む、国際助成については、以下の条件を満たす必要があります。 ・非営利組織であること（諸条件を満たせれば、任意団体も認められる） ・プロジェクトベースの申請であること ※通常の管理運営経費に対する助成は対象外となります。 ・プロパガンダや特定の法律制定に影響を及ぼすことを意図したロビー活動の実施を目的とするプロジェクトではないこと ・アメリカ合衆国以外で実施されるプロジェクトであること 助成金の使途制限について、 普段の組織運営に関わる人件費や経費は対象外です。また、建物、土地、車両、ボート等の購入、修理、改造、改築には使用できません。,国際助成は、日本支社を含む非営利組織（諸条件を満たす任意団体を含む）がアメリカ合衆国以外で実施するプロジェクトを対象とします。この助成はプロジェクト型の申請に限定され、プロパガンダや特定の法律制定に影響を及ぼすことを意図したロビー活動を目的とするプロジェクトは対象外です。また、組織の通常管理運営費や人件費、および建物、土地、車両、ボート等の購入、修理、改造、改築費用には、助成金を充当できません。,"助成金総額： 1件あたりの上限額：
3,000,000円",パタゴニア・インターナショナルインク 日本支社,http://www.patagonia.jp/how-we-fund/,https://fields.canpan.info/grant/detail/1820,環境,国際協力,SDGs,0
61,canpan,2025-10-08,住民寄り添い型伴走支援の社会資源開発モデル事業,2025-04-01,2026-03-20,設立からの年数、その他 □	原則、子育て支援の経歴が３年以上の、非営利民間団体であること。 □	地域に「孤立したストレスの高い家庭の存在」があることへの気づきと、それに対応していこうとするモチベーションがあること。 □	団体として、住民寄り添い型伴走支援（ホームスタート）事業の導入と継続の意思決定と体制の確認が行われること。 □	訪問事業にオーガナイザーとして関わることができる、子育て支援経験３年以上の信頼の厚い人材がいること。,原則として、子育て支援の経歴が3年以上の非営利民間団体を対象とします。地域に孤立したストレスの高い家庭の存在を認識し、それに対応する意欲を持つ団体で、住民寄り添い型伴走支援（ホームスタート）事業の導入と継続に関する意思決定と体制が確認されていることが求められます。また、訪問事業にオーガナイザーとして関わることができ、子育て支援経験3年以上の信頼の厚い人材を擁している必要があります。,"助成金総額： 1件あたりの上限額：
400,000円",ホームスタート・ジャパン,https://www.homestartjapan.org/news/2025shinkijosei.html,https://fields.canpan.info/grant/detail/2259,子ども,福祉,地域活性,0
62,canpan,2025-10-08,2025年度 東京芸術文化鑑賞サポート助成,,,その他 助成対象となる事業の要件に「東京都内で実施される事業」、申請団体の資格の要件に「東京芸術文化相談サポートセンター「アートノト」が実施するアクセシビリティ講座2024「鑑賞サポート入門」（動画）を受講した団体等」などが含まれています。詳しい要件はガイドラインをご確認ください。,助成対象事業は東京都内で実施されることを要件とし、申請団体は東京芸術文化相談サポートセンター「アートノト」が実施するアクセシビリティ講座2024「鑑賞サポート入門」（動画）を受講した団体等を対象とします。詳細な要件はガイドラインにてご確認ください。,"助成金総額： 1件あたりの上限額：
3,000,000円",アーツカウンシル東京,https://www.artscouncil-tokyo.jp/ja/what-we-do/support/grants/grant-for-accessibility/74248/,https://fields.canpan.info/grant/detail/2257,芸術文化,福祉,,0
63,canpan,2025-10-08,2025年度 ちゅうでん教育振興助成（高等専門学校の部）,2025-04-01,2025-11-25,その他 全国の高等専門学校（国立および公立・私立を含む）の教職員個人または教職員グループ,全国の高等専門学校（国立および公立・私立を含む）の教職員個人、または教職員グループを対象とします。,"助成金総額： 1件あたりの上限額：
1,000,000円",ちゅうでん教育振興財団,https://www.chuden-edu.or.jp/oubo/oubo1/oubo2.html,https://fields.canpan.info/grant/detail/2102,教育,研究,テクノロジー,0
64,canpan,2025-10-08,2025年度 災害時等における救援活動支援助成,,,法人格の有無 法人格を有する団体の内、次のいずれかの団体 (1)日本学術会議協力学術研究団体または職能団体 (2)上記(1)の団体と連携した活動を行う団体 ※被災地で救援活動を実施する法人からの申請であること。1団体1申請に限ります。 ※(2)に関しては連携先と連携内容がわかるように記載してください。,本助成金は、法人格を有し被災地で救援活動を実施する団体のうち、日本学術会議協力学術研究団体または職能団体、あるいはこれらの団体と連携した活動を行う団体を対象とします。申請は1団体につき1回限りです。,"助成金総額：
3,000,000円 1件あたりの上限額：
1,000,000円",ニッポンハム食の未来財団,https://www.miraizaidan.or.jp/general_public/relief_grants/2025/01.html,https://fields.canpan.info/grant/detail/2238,災害支援,福祉,,0
65,canpan,2025-10-08,お金をまわそう基金助成事業（第9期2回目）,2024-08-30,2024-09-30,法人格の有無、設立からの年数、その他 ・法人格を持つ非営利団体が行う非営利活動・公益事業であること ・一般社団法人については、監事の設置及び理事会を開催をしていること ・団体として一度でも決算を行っていること ・所定の必要書類の提出が可能であること,法人格を持つ非営利団体が実施する非営利活動および公益事業を対象としています。申請団体は一度以上の決算を行っていること、また、一般社団法人においては監事の設置および理事会の開催を行っていることが要件です。所定の必要書類を提出できることが求められます。,"助成金総額： 1件あたりの上限額：
なし",お金をまわそう基金,http://https://okane-kikin.org/,https://fields.canpan.info/grant/detail/2155,その他,,,0
66,canpan,2025-10-08,「臼井伸二未来へつなぐ基金 ～児童養護施設等出身者の住居確保支援～」,,,その他 当助成プログラムは個人向け給付金です。 横須賀市・藤沢市にある「児童養護施設等」を退所または3カ月以内に退所を予定しており、進学・就職または離職等の際の住居確保が困難な若者で、以下を満たす者が応募できます。 ●年齢が27歳以下の者 ●在所または退所した施設の施設長等の推薦を受けた者 ●その他の条件 - 新規に住宅を賃借する場合のみが対象となります。原則的に、賃貸契約締結前～契約後2ヶ月以内を対象とします。 - 応募者本人が住居費の支払いを行う場合が対象となります。 - 一時保護委託の場合は対象外となります。 - 横須賀市・藤沢市以外の児童養護施設の退所者・退所予定者は対象外です。,本プログラムは、横須賀市または藤沢市に所在する児童養護施設等を退所済みの者、または3ヶ月以内に退所を予定する者のうち、進学・就職・離職等により住居確保が困難な27歳以下の若者を対象としています。施設の施設長等の推薦を受け、新規に住宅を賃借し、応募者本人が住居費を支払う場合に限り対象となり、原則として賃貸契約締結前または契約後2ヶ月以内に限定します。一時保護委託の場合は対象外です。,"助成金総額： 1件あたりの上限額：
250,000円",日本フィランソロピック財団,https://np-foundation.or.jp/information/000200.html,https://fields.canpan.info/grant/detail/1949,福祉,子ども,,0
67,canpan,2025-10-08,【NPO必見】IT導入補助金の活用で寄付決済システム利用料の最大1/2が補助,2024-06-19,2025-01-02,法人格の有無、設立からの年数 補助金交付には、少なくとも以下の2点の条件を満たす必要があります。 ・法人設立から1年以上であること ・コングラント有料プランに未契約であること（フリープランをご利用の団体様は対象になります。）,法人設立から1年以上経過し、コングラント有料プランに未契約である団体を対象とします。フリープラン利用団体も対象に含まれます。,"助成金総額： 1件あたりの上限額：
696,000円",コングラント株式会社,https://congrant.com/jp/news/20240306.html,https://fields.canpan.info/grant/detail/1961,テクノロジー,SDGs,,0
68,canpan,2025-10-08,平成28年度スマートウェルネス拠点整備事業の募集,,,その他 拠点施設の整備者（建築主）,拠点施設の整備者（建築主）も対象としています。,"助成金総額： 1件あたりの上限額：
10,000,000円",国交省,https://www.mlit.go.jp/report/press/house07_hh_000151.html,https://fields.canpan.info/grant/detail/946,医療,福祉,地域活性,0
69,canpan,2025-10-08,「発達障がい」とともに生きる豊かな地域応援助成,2025-10-13,,その他 営利を目的とする事業は審査の対象外です。,営利を目的とする事業は審査の対象外となります。,"助成金総額：
10,000,000円 1件あたりの上限額：
1,000,000円",朝日新聞厚生文化事業団,https://www.asahi-welfare.or.jp/archives/14976981,https://fields.canpan.info/grant/detail/1999,福祉,地域活性,,0
70,canpan,2025-10-08,多文化共生地域ネットワーク支援事業　事業助成,,,その他 ■対象個人/団体の資格 ・NPO（非営利団体。法人格の有無は問いません）、ボランティアグループ、個人であること ・「かめのり多文化共生塾 2023」の全日程に参加し、かつ 2024年 2 月の「ネットワーク会議」にも参加できる方 ・「かめのり多文化共生塾 2023」の期間中に 2024 年 4 月からの事業計画を企画・立案できる方,NPO（法人格の有無を問わない非営利団体）、ボランティアグループ、個人を対象とします。「かめのり多文化共生塾 2023」の全日程と2024年2月の「ネットワーク会議」に参加できること、および同塾の期間中に2024年4月からの事業計画を企画・立案できることを要件とします。,"助成金総額：
6,000,000円 1件あたりの上限額：
500,000円",公益財団法人 かめのり財団,https://www.kamenori.jp/wp-kamenori/wp-content/uploads/2023/08/KamenoriNetwork2023.pdf,https://fields.canpan.info/grant/detail/1987,地域活性,教育,福祉,0
71,canpan,2025-10-08,お金をまわそう基金助成事業（第８期3回目）,2025-09-15,,法人格の有無、設立からの年数、その他 ・法人格を持つ非営利団体が行う非営利活動・公益事業であること ・一般社団法人については、監事の設置及び理事会を開催をしていること ・団体として一度でも決算を行っていること ・所定の必要書類の提出が可能であること,法人格を持つ非営利団体が実施する非営利活動および公益事業を対象とします。対象団体は一度以上の決算実績があり、所定の必要書類の提出が可能であることが条件です。なお、一般社団法人の場合は、監事の設置および理事会の開催を要します。,"助成金総額： 1件あたりの上限額：
なし",お金をまわそう基金,https://okane-kikin.org/information/7488,https://fields.canpan.info/grant/detail/1990,その他,,,0
72,canpan,2025-10-08,2023年度　アジアの農村指導者育成事業助成,,,なし,書き換え対象の原文が提供されていません。,"助成金総額：
3,000,000円 1件あたりの上限額：
3,000,000円",アジア農村交流協会,https://fields.canpan.info/grant/detail/1607,https://fields.canpan.info/grant/detail/1607,国際協力,教育,地域活性,0
73,canpan,2025-10-08,1型糖尿病 患者・家族会設立助成金 随時募集のお知らせ,,,その他 下記の全てに該当する1型糖尿病の患者又はその家族を支援する団体を設立する者とします。 ・日本国内で継続的な活動を行う団体であること。 ・５人以上（役員、会員を含む）で構成される団体であること。 ・会の運営等、団体としての主要な点を定めた会則があること。,1型糖尿病の患者またはその家族を支援する団体を設立する者を対象とします。この団体は、日本国内で継続的な活動を行い、役員および会員を含む5人以上で構成され、会の運営等、団体としての主要な点を定めた会則を有している必要があります。,"助成金総額： 1件あたりの上限額：
20,000円",日本IDDMネットワーク,https://japan-iddm.net/life-info/make-a-friend/subsidy-for-patient-and-family/,https://fields.canpan.info/grant/detail/1937,医療,福祉,,0
74,canpan,2025-10-08,1型糖尿病の根絶を目指す研究課題 随時募集のお知らせ,,,その他 ・ 支援金額の定めはありませんが、概ね1000万円以上の支援を想定しています。 ・ 支援期間は、当面、最長2025年までとしています。各年の更新手続を行っていただきますが、成果に応じて増額することが有ります。 ・ 支援金の使途は特に限定しませんが、当該研究を実施する研究機関における事務部門等の間接経費には原則として使用できません。 ・ 研究者又は団体の自己負担率の定めはありません。,支援金額は概ね1000万円以上を想定しており、最長2025年までの支援期間中、各年の更新手続きと成果に応じた増額が可能です。支援金の使途は特に限定しませんが、当該研究を実施する研究機関における事務部門等の間接経費には原則として使用できません。研究者または団体の自己負担率の定めはありません。,"助成金総額： 1件あたりの上限額：
なし",日本IDDMネットワーク,https://japan-iddm.net/researchers-medical-personne/grant_guideline/,https://fields.canpan.info/grant/detail/1936,医療,研究,,0
75,canpan,2025-10-08,多文化共生地域ネットワーク支援事業　事業助成,,,その他 ■対象個人/団体の資格 ・NPO（非営利団体。法人格の有無は問いません）、ボランティアグループ、個人であること ・「かめのり多文化共生塾 2022」の全日程に参加し、かつ 2023 年 3 月の「ネットワーク会議」 にも参加できる者 ・「かめのり多文化共生塾 2022」の期間中に活動プランを企画・立案できる者,NPO法人格の有無を問わない非営利団体、ボランティアグループ、個人を対象としています。応募者は、「かめのり多文化共生塾 2022」の全日程および2023年3月の「ネットワーク会議」への参加が可能であり、かつ「かめのり多文化共生塾 2022」の期間中に活動プランを企画・立案できる必要があります。,"助成金総額：
6,000,000円 1件あたりの上限額：
500,000円",公益財団法人 かめのり財団,https://www.kamenori.jp/pdf/2022jyosei/2022tabunkajigyo.pdf,https://fields.canpan.info/grant/detail/1867,地域活性,SDGs,国際協力,0
76,canpan,2025-10-08,2020年度 「みてね基金」助成 第二期,2021-01-07,,その他 営利団体は対象外となります。その他詳細は募集要項をご参照ください。,営利団体は対象外としています。詳細については募集要項をご参照ください。,"助成金総額： 1件あたりの上限額：
100,000,000円",ETIC.,https://fund.mitene.us/menu/89002,https://fields.canpan.info/grant/detail/1611,その他,,,0
77,canpan,2025-10-08,令和2年度森林・山村多面的機能発揮対策交付金（東京都・埼玉県・神奈川県）,2025-07-31,2025-11-30,地域限定、その他 ・整備する森林と同じ都県に事務所を置く、構成員3名以上の組織。 ・森林経営計画が作成されていない森林を整備する活動。　等,整備する森林と同じ都県に事務所を置く、構成員3名以上の組織が、森林経営計画が作成されていない森林を整備する活動を対象とします。,"助成金総額： 1件あたりの上限額：
5,000,000円",財団法人都市農山漁村活性化機構,https://www.kouryu.or.jp/information/satoyama20200708.html,https://fields.canpan.info/grant/detail/1573,環境,地域活性,SDGs,0
78,canpan,2025-10-08,現代演劇・舞踏対象公募プログラム2020,2025-09-19,,なし,,"助成金総額： 1件あたりの上限額：
なし",（公財）セゾン文化財団,http://www.saison.or.jp/application/01b.html,https://fields.canpan.info/grant/detail/190,芸術文化,,,0
79,canpan,2025-10-08,助成認定制度,2025-01-20,,その他 公益を目的とした法人で、芸術・文化活動を行うもの →一般財団法人、一般社団法人、特定非営利活動法人など。 注1）株式会社、有限会社、合名会社、合資会社などの営利法人や、宗教法人、政治団体は申請できません。 注2）原則として公益財団法人・公益社団法人は対象となりません。 公益を目的とした任意団体で、規約などを有し、代表者の定めがあり、芸術・文化活動を行うもの →法人格を持たない劇団やオーケストラ、公演・展示などの実行委員会など。 芸術・文化活動を行う個人の場合は、その活動の公益性が認められるもの,公益目的で芸術・文化活動を行う法人、規約と代表者の定めがある公益目的の任意団体、および活動の公益性が認められる芸術・文化活動を行う個人を対象とします。ただし、株式会社、有限会社、合名会社、合資会社といった営利法人、宗教法人、政治団体は対象外です。原則として公益財団法人および公益社団法人も対象となりません。,"助成金総額： 1件あたりの上限額：
なし",（公社）企業メセナ協議会,https://culfun.mecenat.or.jp/collect/grant/point.html,https://fields.canpan.info/grant/detail/528,芸術文化,,,0
80,canpan,2025-10-08,2021 芸術・文化による社会創造ファンド,2025-01-20,,その他 「内容／対象」参照,本助成金の詳細な対象や内容は、「内容／対象」欄に記載されています。,"助成金総額： 1件あたりの上限額：
なし",（公社）企業メセナ協議会,https://culfun.mecenat.or.jp/collect/2021artsfund/point.html,https://fields.canpan.info/grant/detail/770,芸術文化,,,0
81,canpan,2025-10-08,令和元年度「クラウドファンディング型まちづくりファンド」に係る募集,,,法人格の有無、その他 ・ 地方公共団体が設置する基金 ・ 公益法人（公益財団法人又は公益社団法人） ・ 公益信託 ・ 市町村長が指定する NPO 等の非営利法人※1 ・ 指定まちづくり会社※2 ・ 復興まちづくり会社※3 なお、MINTO 機構からの資金拠出時には、ファンド組成されている必要がありますが、応募される時点では、ファンド組成は予定で構いません。 ※1：市町村長が指定する NPO 等の非営利法人とは、都市再生推進法人、中心市街地整備推進機構、景観整備機構、防災街区整備推進機構、緑地保全・緑化推進法人等として指定された非営利法人をいいます。 ※2：指定まちづくり会社とは、都市再生推進法人として指定されたまちづくりの推進を図る活動を行うことを目的とする会社です。 ※3：復興まちづくり会社とは、別に定める要件に適合するものをいいます。（特定被災地方公共団体である市町村関連）,この助成金は、地方公共団体が設置する基金、公益法人（公益財団法人または公益社団法人）、公益信託、市町村長が指定するNPO等の非営利法人、指定まちづくり会社、復興まちづくり会社を対象とします。なお、MINTO機構からの資金拠出時にはファンド組成が必要ですが、応募時点ではファンド組成予定で差し支えありません。,"助成金総額： 1件あたりの上限額：
100,000,000円",（一財）民間都市開発推進機構,http://www.minto.or.jp/products/fund_rec.html,https://fields.canpan.info/grant/detail/1160,地域活性,,,0
82,canpan,2025-10-08,平成31年度施設整備等助成,,,法人格の有無 （１）社会福祉法人 （２）社会福祉事業を行っている公益財団法人、公益社団法人等 （３）社会福祉事業を行っている特定非営利活動（NPO）法人 （所在地の社会福祉協議会の推薦を受ける必要があります）,社会福祉法人、社会福祉事業を行う公益財団法人、公益社団法人等、および社会福祉事業を行う特定非営利活動（NPO）法人を対象とします。なお、特定非営利活動（NPO）法人は所在地の社会福祉協議会の推薦を受ける必要があります。,"助成金総額： 1件あたりの上限額：
なし",（公財）中央競馬馬主社会福祉財団,http://www.jra-umanushi-hukushi.or.jp/31-jyosei-2,https://fields.canpan.info/grant/detail/231,福祉,,,0
83,canpan,2025-10-08,FunD（ファンド）福島の子ども支援プログラム,,,設立からの年数、その他 「内容／対象」記載を参照,本助成金の対象は、設立からの年数に関する条件、その他「内容／対象」の項目に記載される詳細によって定められます。,"助成金総額： 1件あたりの上限額：
2,000,000円",（株）ラッシュジャパン （LUSH）,https://jn.lush.com/article/fundhuandoji-fu-zhu-cheng-jin-shen-qing-nituite,https://fields.canpan.info/grant/detail/298,子ども,福祉,地域活性,0
84,canpan,2025-10-08,LUSHチャリティバンク,,,設立からの年数、その他 1）小規模な草の根活動を行っている団体 2）他の企業や助成団体からの助成金や寄付が集まりにくい団体 3）社会をより良いものへ変革するため、問題の根本を見極め、その解決に取り組む努力をしてい る団体 4）波及効果があるプロジェクトを行っている団体 5）非暴力で直接的なアクションを行う団体,設立からの年数に加え、小規模な草の根活動を行い、他の企業や助成団体からの助成金や寄付が集まりにくい団体を対象とします。また、社会をより良いものへ変革するため問題の根本を見極め、その解決に取り組む努力をしている団体、波及効果のあるプロジェクトを行う団体、および非暴力で直接的なアクションを行う団体も対象とします。,"助成金総額： 1件あたりの上限額：
2,000,000円",（株）ラッシュジャパン （LUSH）,https://jn.lush.com/article/a-bit-about-our-charity-pot,https://fields.canpan.info/grant/detail/184,SDGs,環境,福祉,0
85,canpan,2025-10-08,助成金（福祉、医療、教育、芸術）,,,その他 ①助成対象者は、2年以上の活動実績のある非営利法人、慈善団体とし、個人及び営利法人は除きます。 ②人件費、交通費等の一般管理費、講師に対する謝礼金等は助成の対象となりません。,本助成金は、2年以上の活動実績を有する非営利法人および慈善団体を対象とします。個人および営利法人は対象外です。人件費、交通費等の一般管理費、講師に対する謝礼金等は助成対象外です。,"助成金総額： 1件あたりの上限額：
なし",（一社）日本メイスン財団,http://www.masonicfoundation.or.jp/guidance.html,https://fields.canpan.info/grant/detail/436,福祉,医療,教育,0
86,canpan,2025-10-08,災害により被災された助成先の団体に対する助成,,,その他 過去に日本財団の助成金により、施設／車両／機器を整備した団体に限ります。,過去に日本財団の助成金により、施設、車両または機器を整備した団体を対象とします。,"助成金総額： 1件あたりの上限額：
2,000,000円",日本財団,https://www.nippon-foundation.or.jp/what/grant_application/programs/affected_organization/,https://fields.canpan.info/grant/detail/1362,災害支援,,,0
87,canpan,2025-10-08,平成30年7月豪雨の被災地に対する支援,,,法人格の有無、その他 特定非営利活動法人（ＮＰＯ法人）、財団法人・社団法人、社会福祉法人、特別の法律に基づいて設立された法人等,法人格の有無を問わず、特定非営利活動法人（NPO法人）、財団法人・社団法人、社会福祉法人、特別の法律に基づいて設立された法人などを対象としています。,"助成金総額： 1件あたりの上限額：
なし",（公財）JKA,http://hojo.keirin-autorace.or.jp/news/2018/0709_01/,https://fields.canpan.info/grant/detail/1324,災害支援,地域活性,福祉,0
88,canpan,2025-10-08,平成30年7月豪雨災害におけるボランティア活動への支援,2025-07-20,,法人格の有無、その他 平成３０年７月豪雨の被災地（九州含む西日本各地）で家屋及び公共施設被害を中心にボランティア活動を行う九州内の団体グループとする。（ＮＰＯ法人、市民団体等（社団法人、財団法人等は除く））,平成30年7月豪雨の被災地（九州を含む西日本各地）において、家屋及び公共施設被害を中心としたボランティア活動を行う九州内の団体グループを対象とする。この団体グループは、法人格の有無を問わずNPO法人や市民団体等を含むが、社団法人や財団法人等は対象外とする。,"助成金総額： 1件あたりの上限額：
200,000円",（一社）九州地域づくり協会,http://www.qscpua.or.jp/event/H3007gouu/index.html,https://fields.canpan.info/grant/detail/1321,災害支援,地域活性,福祉,0
89,canpan,2025-10-08,大竹財団助成金,,,その他 公益、社会問題の解決に取りくむ事業をおこない、日本国内に事務所または連絡先をもつNPO、任意の市民団体、ボランティアグループを対象とします。,日本国内に事務所または連絡先を持ち、公益や社会問題の解決に取り組む事業を行うNPO、任意の市民団体、ボランティアグループを対象とします。,"助成金総額： 1件あたりの上限額：
500,000円",一般財団法人大竹財団,https://ohdake-foundation.org/%E5%A4%A7%E7%AB%B9%E8%B2%A1%E5%9B%A3%E5%8A%A9%E6%88%90%E9%87%91/,https://fields.canpan.info/grant/detail/930,SDGs,地域活性,福祉,0
90,canpan,2025-10-08,食品ロス削減全国運動　活動助成,,,なし,地域社会の活性化、環境保護、福祉の向上、文化芸術の振興に資する社会貢献活動に取り組む非営利団体および個人を対象としています。本助成金は、これらの活動の実現と発展を促進することを目的としており、活動にかかる費用の一部を助成します。,"助成金総額： 1件あたりの上限額：
30,000円",公益財団法人あしたの日本を創る協会,http://www.ashita.or.jp/foodloss.htm,https://fields.canpan.info/grant/detail/1282,環境,地域活性,福祉,0
91,canpan,2025-10-08,ライフキッズスポーツクラブ,,,その他 ※ライフキッズスポーツクラブの助成を受けるには、「財団公認キッズスポーツインストラクターセミナー」へご参加いただき、資格取得が必須となります。（団体内に2名以上の有資格者が必要）,ライフキッズスポーツクラブへの助成を希望する団体は、団体内に「財団公認キッズスポーツインストラクターセミナー」に参加し、資格を取得した者が2名以上いることを条件とします。,"助成金総額： 1件あたりの上限額：
400,000円",公益財団法人ライフスポーツ財団,http://www.lsf.or.jp/sports3,https://fields.canpan.info/grant/detail/1277,子ども,スポーツ,教育,0
92,canpan,2025-10-08,財団推進事業,,,その他 ・財団の活動理念に基づき、幼児（乳児を含む）とその親を対象とした親子スポーツ活動を実践できる団体。 ・財団公認インストラクターによる組織団体。 ・その他、財団が認める団体。 ※いずれの団体も「市町村教委」もしくは「市町村体育協会」の推薦を受けられる団体が望ましい。,本助成は、財団の活動理念に基づき幼児（乳児を含む）とその親を対象とした親子スポーツ活動を実践する団体、財団公認インストラクターが組織する団体、その他財団が認める団体を対象としています。いずれの団体も、市町村教育委員会または市町村体育協会の推薦を受けられることが望ましい。,"助成金総額： 1件あたりの上限額：
500,000円",（公財）ライフスポーツ財団,http://www.lsf.or.jp/josei,https://fields.canpan.info/grant/detail/303,スポーツ,子ども,教育,0
93,canpan,2025-10-08,イーパーツ寄贈プログラム,,,なし,,"助成金総額： 1件あたりの上限額：
なし",（特）イーパーツ,http://www.eparts-jp.org/program/index.html,https://fields.canpan.info/grant/detail/312,教育,福祉,地域活性,0
94,canpan,2025-10-08,ユースアクション東北,2015-05-07,2017-03-31,地域限定 次の3つの全てに当てはまる方 2人以上のチームであること メンバー全員が原則として高校生を中心とする若者(中学生、高専生、専門学生、大学生)であること 岩手県・宮城県・福島県に居住していること ※当てはまらない項目がある場合は、相談してください。,本助成金は、岩手県、宮城県、福島県に居住し、かつ2人以上で構成されるチームを対象とします。チームメンバー全員が、原則として高校生を中心とする若者（中学生、高専生、専門学生、大学生を含む）であることが条件です。,"助成金総額： 1件あたりの上限額：
300,000円",（公財）東日本大震災復興支援財団,http://minnade-ganbaro.jp/katsudou/project/youthaction/summary_01.html,https://fields.canpan.info/grant/detail/792,地域活性,教育,,0
95,canpan,2025-10-08,平成28年度 「創業・第二創業促進補助金」（熊本地震関連）,,,その他 募集要項参照,その他の詳細については募集要項に記載されています。,"助成金総額： 1件あたりの上限額：
2,000,000円",中小企業庁,http://sogyo-hojo-28.jp/,https://fields.canpan.info/grant/detail/933,災害支援,地域活性,,0
96,canpan,2025-10-08,カワサポ,,,なし,,"助成金総額： 1件あたりの上限額：
なし",ClearWaterProject,https://www.kawa-supporters.net/,https://fields.canpan.info/grant/detail/716,地域活性,,,0
97,canpan,2025-10-08,次世代の障害当事者リーダー育成のために三澤了基金,,,なし,,"助成金総額： 1件あたりの上限額：
なし",三澤了基金運営事務局／NPO法人DPI日本会議,http://dpi.cocolog-nifty.com/vooo/2014/10/post-0c17.html,https://fields.canpan.info/grant/detail/698,福祉,教育,,0
98,canpan,2025-10-08,【2015年8月末〆切】最大5000万まで可能　西武ソーシャルビジネス成長応援融資「CHANGE」第8期募集,,,"地域限定、その他 ＜ご利用いただける方＞ 西武信用金庫の営業地区内にて事業を営んでいる法人及び個人事業主の方で、 下記全てに該当する方　（西武信用金庫支店一覧をご参照ください） http://www.seibushinkin.jp/atm/tenpo.htm 【１】主たる事業が福祉、教育、環境、まちづくりなどの社会貢献性の高い分野であること 【２】下記の必要書類の提出が可能であること ①応募条件確認リスト, ②事業計画書（所定の書式がございます）,③財務諸表（原則直近3期分）",西武信用金庫の営業地区内で事業を営む法人および個人事業主を対象とします。主たる事業が福祉、教育、環境、まちづくりなどの社会貢献性の高い分野であり、かつ応募条件確認リスト、所定の書式による事業計画書、および原則直近3期分の財務諸表の提出が可能であることが申請の要件です。,"助成金総額： 1件あたりの上限額：
50,000,000円",ETIC.,http://wagamachi.jp.net/change/index.html,https://fields.canpan.info/grant/detail/539,福祉,教育,環境,0
99,canpan,2025-10-08,JapanGiving（クラウドファンディング）,,,その他 審査対象となるのは、次の3点の条件を満たす団体としています。 ①非営利の団体であること ②Web上での財務報告 ③金融機関の団体独立口座,非営利団体であり、Web上での財務報告を実施し、金融機関に団体独立口座を保有する団体を審査対象とします。,"助成金総額： 1件あたりの上限額：
なし",JapanGiving,http://japangiving.jp/,https://fields.canpan.info/grant/detail/325,SDGs,,,0
100,canpan,2025-10-08,第29回人間力大賞エントリー募集,,,その他 エントリー対象者： 20歳から40歳（1975年～1995年生まれ）までの国内外問わず、科学技術・医療・福祉・文化芸術・国際交流・国際協力・環境・スポーツ・教育・まちづくり等の活動を積極果敢に実践している人間力あふれる光輝く傑出した若者。 エントリー受付期間： 仮エントリー受付期間：2015年3月8日（日）〜 5月20日（水） 本エントリー受付締切：2015年3月15日（日）〜 5月31日（日） 選考： 国や地域を愛する思いや、社会への貢献度、影響度、独自性、将来性が顕著であり、活動実績が認められる「人間力」溢れる光輝く傑出した若者を選考させて頂きます。,国内外において、科学技術、医療、福祉、文化芸術、国際交流、国際協力、環境、スポーツ、教育、まちづくり等の分野で積極果敢に活動を実践する、20歳から40歳（1975年～1995年生まれ）の人間力あふれる若者を本助成金の対象とします。国や地域を愛する思いを持ち、社会への貢献度、影響度、独自性、将来性が顕著であり、優れた活動実績を有する者を支援します。,"助成金総額： 1件あたりの上限額：
なし",高松青年会議所,https://www.ningenryokutaisyo.com/,https://fields.canpan.info/grant/detail/774,SDGs,地域活性,国際協力,0
101,canpan,2025-10-08,平成27年度施設整備等助成事業,,,法人格の有無、法人格の有無、地域限定 助成の対象団体 （１）社会福祉法人 （２）公益財団法人、公益社団法人、民法特例法人（社会福祉事業を行うもの） （３）社会福祉事業を行っている特定非営利活動（NPO)法人　　　　　（所在地の社会福祉協議会の推薦を受ける必要があります）,地域限定の助成対象団体は、社会福祉法人、公益財団法人、公益社団法人、社会福祉事業を行う民法特例法人、および社会福祉事業を行う特定非営利活動法人です。ただし、特定非営利活動法人については、所在地の社会福祉協議会の推薦を必要とします。,"助成金総額： 1件あたりの上限額：
1,000,000円",（公財）中央競馬馬主社会福祉財団,http://www.jra-umanushi-hukushi.or.jp/27-jyosei,https://fields.canpan.info/grant/detail/313,福祉,地域活性,,0
102,canpan,2025-10-08,アウトドア自然保護基金プログラム,2025-05-15,,なし,原文が指定されていないため、処理を実行できません。,"助成金総額： 1件あたりの上限額：
500,000円",コンサーベーション・アライアンス・ジャパン,http://ca-j.org/grants.html,https://fields.canpan.info/grant/detail/59,環境,SDGs,,0
103,canpan,2025-10-08,【NPO法人・社団法人も利用できる融資制度】女性・若者・シニア創業サポート事業,,,地域限定、設立からの年数 ◯女性、若者（３９歳以下）、シニア（５５歳以上）で、創業の計画がある者又は創業後１年未満の者（代表者）※ ◯個人事業主、株式会社、ＮＰＯ法人、一般社団法人、一般財団法人 ◯東京都内に本店又は主たる事業所を置く創業事業 ◯地域の需要や雇用を支える事業 ※その他詳細条件はHPをご確認下さい。,東京都内に本店または主たる事業所を置き、地域の需要や雇用を支える創業事業を対象としています。この助成金は、代表者が女性、39歳以下の若者、または55歳以上のシニアであり、かつ創業計画中の者または創業後1年未満である個人事業主、株式会社、NPO法人、一般社団法人、一般財団法人を対象としています。,"助成金総額： 1件あたりの上限額：
10,000,000円",コミュニティビジネスサポートセンター,http://cb-s.net/tokyosupport/,https://fields.canpan.info/grant/detail/609,地域活性,ジェンダー,SDGs,0
104,canpan,2025-10-08,その他の助成制度データベース（参考情報）,,,なし,,"助成金総額： 1件あたりの上限額：
なし",CANPAN調べ,https://fields.canpan.info/grant/detail/409,https://fields.canpan.info/grant/detail/409,その他,,,0
105,canpan,2025-10-08,２０１３年度　オレンジマフラー　１０００本助成,,,なし,,"助成金総額： 1件あたりの上限額：
なし",ラン・フォー・ピース協会,http://www.run-walk.me/,https://fields.canpan.info/grant/detail/498,福祉,,,0
106,canpan,2025-10-08,きょうとNPO支援連携融資制度,,,法人格の有無、地域限定 対象者：京都府内に事務所を有し、京都府内で公益活動を行なうNPO法人。 ※公益活動ポータルサイト「きょうえん」ステップ２認証を取得していること（もしくは融資審査申込時に取得できること）,京都府内に事務所を有し、同府内で公益活動を行うNPO法人を対象とします。公益活動ポータルサイト「きょうえん」ステップ２認証を取得していること、または融資審査申込時に取得できることを条件とします。,"助成金総額： 1件あたりの上限額：
5,000,000円",京都地域創造基金,http://www.plus-social.com/cn8/kyoto_yushi.html,https://fields.canpan.info/grant/detail/431,地域活性,福祉,SDGs,0
107,canpan,2025-10-08,FAAVO（クラウドファンディング）,,,なし,本助成金は、対象・目的・概要に関する情報が提供されていません。,"助成金総額： 1件あたりの上限額：
なし",FAAVO（ファーボ）,https://faavo.jp/,https://fields.canpan.info/grant/detail/327,その他,,,0
108,canpan,2025-10-08,motion gallery（クラウドファンディング）,,,なし,,"助成金総額： 1件あたりの上限額：
なし",motion gallery（モーション・ギャラリー）,http://motion-gallery.net/,https://fields.canpan.info/grant/detail/326,芸術文化,,,0
109,canpan,2025-10-08,CAMPFIRE（クラウドファンディング）,,,なし,本助成金・補助金は、対象・目的・概要に関する情報が現在設定されていません。,"助成金総額： 1件あたりの上限額：
なし",CAMPFIRE（キャンプファイア）,http://camp-fire.jp/,https://fields.canpan.info/grant/detail/324,その他,,,0
110,hachikomi,2025-10-08,令和8年度「キリン・地域のちから応援事業」公募助成　10/31,2025-09-11,2025-11-01,助成対象となる事業 障害があってもなくても、高齢者でも子どもでも、日本人でも外国人でも、同じ地域やコミュニティで生活する一員として、共に理解し合い・支え合う共生社会の実現を願い、地域における障害児・者、高齢者、子どもなどの福祉向上に関わる、次のような幅広いボランティア活動を実施する団体に対して助成します。災害の復興応援および防災や公衆衛生に関しても広く募集します。 ※ここでの「ボランティア活動」は、自発的・自主的・利他的に行われる無償の活動を指します。 (1)子ども・子育て世代の福祉向上に関わるもの 子ども・子育て世代が主体となって実施する活動、地域やコミュニティの子ども・子育て世代を元気にする活動を応援します。 (2)シルバー世代の福祉向上に関わるもの 高齢者が知識・技術・経験を活かして実施する活動、地域やコミュニティの高齢者を元気にする活動を応援します。 (3)障害や困りごとのある人・支える人の福祉向上に関わるもの 障害のある人や困りごとを抱える人・それらを支える人（病気や困りごとを抱える人の介護者や応援者も含みます）が主体となって実施する活動、地域やコミュニティの障害のある人や困りごとを抱える人・支える人を元気にする活動を応援します。 (4)地域やコミュニティの活性化に関わるもの 既存の自治活動やお祭りから一歩進んだまちづくり、新たなつながりを創りだし地域やコミュニティを元気にする活動、共生社会を創る活動、災害復興、公衆衛生などの活動を応援します。,年齢、国籍、障害の有無に関わらず、誰もが地域の一員として共に支え合う共生社会の実現を目指し、地域における福祉向上に資する幅広いボランティア活動を行う団体を助成対象としています。この助成金は、自発的・自主的・利他的に行われる無償の活動のうち、子ども・子育て世代、シルバー世代、障害や困りごとを抱える人およびそれらを支える人の福祉向上に資する活動、ならびに地域活性化、新たなつながりの創出、共生社会の構築、災害復興、防災、公衆衛生に関する活動に適用されます。,,公益財団法人 キリン福祉財団,https://foundation.kirinholdings.com/subsidy/r8/index.html,https://hachikomi.genki365.net/G0000001/system/subsidy/1483.html,福祉,地域活性,子ども,0
111,hachikomi,2025-10-08,令和8年度「キリン・福祉のちから開拓事業」公募助成　10/31,2025-09-11,2025-10-31,助成対象となる事業 障害者福祉分野、高齢者福祉分野、児童・青少年健全育成分野、地域社会福祉分野のボラン ティア活動を、長期的な視点に立って全国や広域にまたがり実施している、または活動しようと考えて いる次のような団体に対して助成します。 ※ここでの「ボランティア活動」は、自発的・自主的・利他的に行われる無償の活動を指します。 （１）障害者の福祉向上に関わるもの （２）高齢者の福祉向上に関わるもの （３）児童・青少年の福祉向上に関わるもの （４）地域社会の福祉向上に関わるもの 上記の、社会課題・問題を直接解決するための取り組み、啓発活動、政策提言やアドボカシー、ネ ットワークの構築・拡大、組織強化、人材の育成、技術や技法の研究、実践のための調査や研究、 モデル化、生活環境をより良いものにするための保全・保護活動などが対象です。,障害者福祉、高齢者福祉、児童・青少年健全育成、地域社会福祉の各分野において、自発的、自主的、利他的な無償のボランティア活動を、長期的な視点に立って全国や広域にまたがり実施または計画している団体を助成対象とします。助成対象となる事業は、社会課題・問題の直接的な解決を目指す取り組み、啓発活動、政策提言やアドボカシー、ネットワークの構築・拡大、組織強化、人材育成、技術・技法の研究、実践のための調査研究、モデル化、生活環境の保全・保護活動などです。,,公益財団法人 キリン福祉財団,https://foundation.kirinholdings.com/subsidy/r8/fukushi.html,https://hachikomi.genki365.net/G0000001/system/subsidy/1481.html,福祉,子ども,地域活性,0
112,hachikomi,2025-10-08,COSMOエコ基金　プロジェクトの公募　11/9,,2025-11-09,1.助成の対象となるプロジェクト COSMOエコ基金の中長期ビジョンの実現に繋がる以下の活動を行うプロジェクトが対象となります。 ・脱炭素志向の開かれた地域循環社会づくりに貢献する活動 ・森林保全、生態系などの自然環境保全活動や啓発活動 ・再生可能エネルギーの普及啓発に資する活動　等 特に、以下の事業形態を重視します。 ・次世代人材育成に取り組む活動 ・地域とのパートナーシップにつながる活動 2. 対象地域 国内及び海外 ※ただし、海外の場合は日本国内に窓口があり、日本語で連絡が取れることが必要で、且つ現地の安全状況等を鑑みてモニタリングが可能な国・地域にプロジェクトサイトがあることを優先します。 3. 助成の対象となる団体 ・特定非営利活動法人、一般社団法人、公益社団法人、一般財団法人、公益財団法人、組織を備えた任意団体等、民間で非営利活動を行う団体,COSMOエコ基金の中長期ビジョンの実現に資する、脱炭素志向の開かれた地域循環社会づくり、森林・生態系等の自然環境保全活動、再生可能エネルギーの普及啓発等に取り組むプロジェクトを対象とし、特に次世代人材育成や地域とのパートナーシップにつながる活動を重視します。対象地域は国内および海外とし、海外プロジェクトの場合は日本国内に窓口があり日本語で連絡が取れること、かつ現地安全状況等を鑑みてモニタリングが可能な国・地域にプロジェクトサイトがあることを優先します。特定非営利活動法人、一般社団法人、公益社団法人、一般財団法人、公益財団法人、組織を備えた任意団体など、民間で非営利活動を行う団体が助成対象となります。,,コスモエネルギーホールディングス株式会社,https://www.cosmo-energy.co.jp/ja/information/topics/2025/250916-02.html,https://hachikomi.genki365.net/G0000001/system/subsidy/1479.html,環境,地域活性,SDGs,0
113,hachikomi,2025-10-08,2026年度日本郵便年賀寄付金配分　11/7,2025-09-10,2025-11-07,申請可能事業は、お年玉付郵便葉書等に関する法律に規定された10 の事業のいずれかに該当し、かつ、申請法人の定款または寄付行為に基づいて行う事業とします。 社会福祉の増進 非常災害時の被災者の救助・災害の予防 がん、結核、小児まひその他特殊な疾病の予防 原子爆弾の被爆者の治療その他の援助 交通事故、 水難の救 助・防止 文化財の保 護 青少年健全 育成のため の社会教育 健康の保持増進を図るためにするスポーツ振興 海外の地域 からの留学 生、研修生 の援護 地球環境の保全 日本国内で実施される事業を対象とし、海外で実施される事業は除きます。 また、海外活動を行う団体が国内で行う啓発事業などは、国内で行われる事業として対象とします。,本助成金は、申請法人の定款または寄付行為に基づき行われる事業のうち、お年玉付郵便葉書等に関する法律に規定される社会福祉の増進、非常災害時の被災者の救助・災害の予防、がん・結核・小児まひその他特殊な疾病の予防、原子爆弾の被爆者の治療その他の援助、交通事故・水難の救助・防止、文化財の保護、青少年健全育成のための社会教育、健康の保持増進を図るスポーツ振興、海外の地域からの留学生・研修生の援護、地球環境の保全のいずれかに該当する事業を対象とします。事業の実施場所は日本国内に限定され、海外での実施は対象外ですが、海外活動を行う団体が国内で行う啓発事業などは国内事業として対象に含みます。,,日本郵便,https://www.post.japanpost.jp/kifu/nenga/applications.html,https://hachikomi.genki365.net/G0000001/system/subsidy/1478.html,SDGs,福祉,災害支援,0
114,canpan,2025-10-08,2026年度 金融相談等活動助成,2025-10-01,2025-11-28,その他 （３）助成額・助成対象経費 助成を受けられる金額は、１活動あたり１２万円を上限とします。 １活動が複数のイベントで構成される場合は、１イベントあたり １２万円を上限とし、助成総額の上限は６０万円とします。 申請された金額又はイベント数は、減額又は減少して助成対象と なることがあります。 助成対象となる経費は、活動を実施するために直接必要となる経費 とします。,本助成金では、1活動あたり12万円を上限とします。1活動が複数のイベントで構成される場合は、1イベントあたり12万円を上限とし、助成総額は60万円を上限とします。申請された金額やイベント数は、減額または減少して助成対象となることがあります。助成対象経費は、活動を実施するために直接必要となる経費に限ります。,"助成金総額：
13,000,000円 1件あたりの上限額：
600,000円",ゆうちょ財団,https://www.yu-cho-f.jp/lecture/consultation/kyotoku.html,https://fields.canpan.info/grant/detail/2343,福祉,,,0
115,canpan,2025-10-08,2026年度　【一般部門】 農林水産業における革新的・先進的技術に関する研究,2025-10-01,2026-01-15,その他 一般部門 ①　日本の大学・高等専門学校・研究所等に勤務し、主体的に研究を進めている常勤の研究者の方。（所属機関長、学部長、研究科長、研究所長等の推薦書が必要） ②　本財団に結果の報告書を提出可能な方。 ③　本財団が開催する贈呈式などの式典に参加が可能な方。（年１回程度、2026年度は2026年７月頃開催予定） ※なお、同一または類似の研究について、他の財団等の助成金（競争的研究資金を含むがこれに限りません）を受けることが確定している場合や予定がある場合には、その旨を申請書類に記載してください。必要に応じて提出いただく書類を追加することがあります。,日本の大学・高等専門学校・研究所等に勤務し、主体的に研究を進める常勤の研究者で、所属機関長等の推薦書を提出できる方を対象とします。採択された研究者は、本財団へ結果報告書を提出するとともに、財団主催の贈呈式等の式典（年1回程度、2026年度は2026年7月頃開催予定）への参加が必要です。同一または類似の研究について他の助成金（競争的研究資金を含む）を受けている、あるいは受ける予定がある場合は、申請書類にその旨を記載し、必要に応じて追加書類の提出を求められることがあります。,"助成金総額：
200,000,000円 1件あたりの上限額：
20,000,000円",Konno＆レスター財団,http://https://kr-fd.or.jp/,https://fields.canpan.info/grant/detail/2341,研究,テクノロジー,環境,0
116,canpan,2025-10-08,2026年度　【若手部門】 農林水産業における革新的・先進的技術に関する研究,2025-10-01,2026-01-15,その他 若手部門 ①　日本の大学・高等専門学校・研究所等に勤務し、主体的に研究を進めている常勤の研究者および2026年4月1日において 大学院後期課程在籍者（進学予定者で在籍が予定され ている場合を含む）、並びに博士研究員の方で、2026年4月1日において35歳未満の方。（所属機関長、学部長、研究科長、研究所長等の推薦書 が必要） ②　本財団に結果の報告書を提出可能な方。 ③　本財団が開催する贈呈式などの式典に参加が可能な方。（年1回程度、2026年度は2026年７月頃開催予定） ※なお、同一または類似の研究について、他の財団等の助成金（競争的研究資金を含むがこれに限りません）を受けることが確定している場合や予定がある場合には、その旨を申請書類に記載してください。 ※必要に応じて提出いただく書類を追加することがあります。,日本の大学・高等専門学校・研究所等に勤務し主体的に研究を進める常勤の研究者、2026年4月1日時点で大学院後期課程に在籍する者（進学予定者を含む）、並びに同日時点で35歳未満の博士研究員を対象とします。申請には所属機関長等の推薦書、本財団への研究結果報告書、および年1回程度開催される贈呈式等の式典（2026年度は2026年7月頃開催予定）への参加を要します。同一または類似の研究で他の助成金（競争的研究資金を含む）の受給が確定している、または予定がある場合は申請書類にその旨を記載することを要し、必要に応じて追加書類の提出を求める場合があります。,"助成金総額：
100,000,000円 1件あたりの上限額：
1,000,000円",Konno＆レスター財団,https://fields.canpan.info/grant/detail/2342,https://fields.canpan.info/grant/detail/2342,研究,テクノロジー,環境,0
117,canpan,2025-10-08,ローム　研究公募2026,2025-09-08,2025-11-10,その他 大学や高等専門学校、公的研究機関に所属する研究者,大学、高等専門学校、および公的研究機関に所属する研究者を対象としています。,"助成金総額：
13,750,000円 1件あたりの上限額：
2,750,000円",ローム株式会社　研究公募事務局,https://www.rohm.co.jp/rd/offer?utm_source=fields.canpan.info&utm_medium=cpc&utm_campaign=JP_BA_kenkyukobo_2026,https://fields.canpan.info/grant/detail/1854,研究,教育,,0
118,canpan,2025-10-08,2025年度 特定課題 人口減少と日本社会,2025-09-10,2025-11-11,なし,,"助成金総額：
45,000,000円 1件あたりの上限額：
10,000,000円",トヨタ財団,https://www.toyotafound.or.jp/grant/population/,https://fields.canpan.info/grant/detail/2340,研究,地域活性,福祉,0
119,canpan,2025-10-08,2026年度 展覧会･公演等の開催費用に対する助成金給付,2025-10-01,2025-12-01,その他 上記の活動を「主催」する個人の芸術家、および小規模の文化芸術団体を対象とする。 ・主催する者の年齢は、2026年4月1日時点で、40歳以下の者を対象とする。団体の場合は、団体の代表者の年齢を40歳以下とする。 ・団体の場合、規模は小規模に限る（正規の構成員の人数が、概ね10人以下の団体とする。オーケストラは～30人程度以下とする）。 ※ 団体の場合は、上記の人数以外に、以下の条件を満たすものとする。 ・2026年11月1日時点において、過去３年間、応募分野において国内で主催の公開活動を１回以上実施していること（申請団体自身の実施した活動に限る）。但し、設立からまだ間がなく、立上途上である団体においては、上記によらず代表者や当該団体の活動状況等から総合的に判断する場合がある。 ・主たる構成員が芸術家であること。 ・定款に準ずる規約、会則等を有し、経理機能をもった会計組織を有すること。,"上記の活動を主催する個人の芸術家、および小規模な文化芸術団体を対象とする。個人の芸術家は本人が、団体は代表者が2026年4月1日時点で40歳以下であることを条件とする。
団体は正規の構成員が概ね10人以下（オーケストラは30人程度以下）の小規模であることが必要となり、2026年11月1日時点で過去3年間、応募分野において国内で主催の公開活動を1回以上実施していることも求められる。ただし、設立間もない団体については、代表者や活動状況等から総合的に判断する場合がある。
加えて、主たる構成員が芸術家であり、定款に準ずる規約や会則等を有し、経理機能をもった会計組織を有することも条件とする。","助成金総額： 1件あたりの上限額：
1,000,000円",戸部眞紀財団,https://tobe-maki.or.jp/,https://fields.canpan.info/grant/detail/2339,芸術文化,,,0
120,canpan,2025-10-08,2025年度「SMBCグループライジング基金」 公募寄付,2025-09-08,2025-10-31,"法人格の有無、その他 ・年間予算規模1,500万円以上2億円以下（下限を満たさない場合は、今年度中に1,500万円程度まで拡大する根拠をご提示ください。また、規模が大きすぎる場合は、寄付金の相対的な効果が薄れるため、上限を設定しています。） ・有給の常勤スタッフが3名以上在籍していること ・法人設立から3年以上経過していること","年間予算規模は1,500万円以上2億円以下とし、下限を満たさない場合は今年度中に1,500万円程度まで拡大する根拠の提示を要します。また、有給の常勤スタッフが3名以上在籍し、法人設立から3年以上経過している団体を対象とします。","助成金総額：
22,000,000円 1件あたりの上限額：
10,000,000円",ETIC.,https://smbcrising.etic.or.jp/2025bosyu,https://fields.canpan.info/grant/detail/2338,その他,,,0
121,canpan,2025-10-08,2025年度特定課題「外国人材の受け入れと日本社会」,2025-09-01,2025-11-15,なし,原文が提供されていないため、書き換えを行うことができません。,"助成金総額：
55,000,000円 1件あたりの上限額：
10,000,000円",トヨタ財団,https://www.toyotafound.or.jp/grant/migration/,https://fields.canpan.info/grant/detail/2337,研究,国際協力,福祉,0
